day,action,lockdown_level,S,E,I,R,D,Active,Total_Ever_Infected,new_infections,new_deaths,new_recoveries,A,U,rho_A,AS,US,AI,R_eff,beta_avg,base_economy,adjusted_economy,workforce_available,transmission_multiplier,cumulative_deaths,cumulative_infections
1,0,0,985,13,2,0,0,2,15,0,0,0,23,977,0.023,21,964,2,0.546896,0.039658883248730965,1.0,0.998,998,1.0,0,0
2,1,1,983,11,6,0,0,6,17,2,0,0,56,944,0.056,49,934,5,0.40462800000000004,0.029401831129196337,0.75,0.7455,994,0.75,0,2
3,1,1,982,10,8,0,0,8,18,1,0,0,66,934,0.066,57,925,7,0.402864,0.029303462321792262,0.75,0.744,992,0.75,0,3
4,1,1,980,9,11,0,0,11,20,2,0,0,96,904,0.096,86,894,9,0.39715200000000006,0.028946938775510207,0.75,0.74175,989,0.75,0,5
5,1,1,979,4,17,0,0,17,21,1,0,0,201,799,0.201,189,790,12,0.3794280000000001,0.027683350357507665,0.75,0.73725,983,0.75,0,6
6,1,1,978,4,18,0,0,18,22,1,0,0,319,681,0.319,307,671,11,0.359184,0.026233128834355825,0.75,0.7365,982,0.75,0,7
7,1,1,972,9,19,0,0,19,28,6,0,0,406,594,0.406,394,578,11,0.342048,0.025135802469135802,0.75,0.73575,981,0.75,0,13
8,1,1,971,6,23,0,0,23,29,1,0,0,495,505,0.495,478,493,16,0.327516,0.024092687950566426,0.75,0.73275,977,0.75,0,14
9,1,1,970,6,24,0,0,24,30,1,0,0,556,444,0.556,540,430,11,0.31667999999999996,0.023319587628865976,0.75,0.732,976,0.75,0,15
10,1,1,964,9,27,0,0,27,36,6,0,0,579,421,0.579,558,406,17,0.311136,0.023053941908713696,0.75,0.72975,973,0.75,0,21
11,1,1,963,9,28,0,0,28,37,1,0,0,591,409,0.591,568,395,18,0.30903600000000003,0.022922118380062306,0.75,0.729,972,0.75,0,22
12,1,1,961,9,29,1,0,29,39,2,0,1,613,387,0.613,590,371,19,0.3045,0.02263267429760666,0.75,0.72825,971,0.75,0,24
13,1,1,957,8,33,2,0,33,43,4,0,1,642,358,0.642,614,343,23,0.29878799999999994,0.022300940438871472,0.75,0.72525,967,0.75,0,28
14,1,1,950,13,30,7,0,30,50,7,0,5,681,319,0.681,645,305,25,0.29063999999999995,0.021852631578947367,0.75,0.7275,970,0.75,0,35
15,1,1,944,15,32,9,0,32,56,6,0,2,668,332,0.668,629,315,23,0.29080799999999996,0.02200423728813559,0.75,0.726,968,0.75,0,41
16,1,1,937,19,34,10,0,34,63,7,0,1,642,358,0.642,600,337,26,0.29274000000000006,0.02231590181430096,0.75,0.7245,966,0.75,0,48
17,1,1,933,14,43,10,0,43,67,4,0,0,646,354,0.646,602,331,31,0.290724,0.0222572347266881,0.75,0.71775,957,0.75,0,52
18,1,1,928,14,43,15,0,43,72,5,0,5,609,391,0.609,564,364,29,0.29500800000000005,0.022706896551724136,0.75,0.71775,957,0.75,0,57
19,1,1,926,10,48,16,0,48,74,2,0,1,593,407,0.593,549,377,29,0.29668800000000006,0.022885529157667388,0.75,0.714,952,0.75,0,59
20,1,1,921,14,47,18,0,47,79,6,0,3,631,369,0.631,575,346,34,0.29022000000000003,0.022508143322475572,0.75,0.71475,953,0.75,0,65
21,1,1,920,10,48,22,0,48,80,1,0,4,618,382,0.618,572,348,27,0.290304,0.022539130434782607,0.75,0.714,952,0.75,0,66
22,1,1,919,10,50,21,0,50,81,2,0,0,589,411,0.589,542,377,27,0.2949240000000001,0.02292274211099021,0.75,0.7125,950,0.75,0,68
23,1,1,912,13,52,23,0,52,88,7,0,2,596,404,0.596,543,369,31,0.2918160000000001,0.02285526315789474,0.75,0.711,948,0.75,0,75
24,1,1,905,15,55,24,1,55,95,8,1,2,649,350,0.649,582,323,36,0.28232399999999996,0.02228287292817679,0.75,0.708,944,0.75,1,83
25,1,1,898,15,59,27,1,59,102,7,0,3,636,363,0.636,570,328,40,0.28140000000000004,0.022383073496659245,0.75,0.705,940,0.75,1,90
26,1,1,892,18,60,29,1,60,108,6,0,2,641,358,0.641,573,319,40,0.27837600000000007,0.022291479820627805,0.75,0.70425,939,0.75,1,96
27,1,1,883,17,63,36,1,63,117,9,0,7,622,377,0.622,545,338,45,0.27930000000000005,0.022593431483578712,0.75,0.702,936,0.75,1,105
28,1,1,877,20,65,37,1,65,123,7,0,2,639,360,0.639,556,321,45,0.274932,0.02239224629418472,0.75,0.7005,934,0.75,1,112
29,1,1,871,18,65,45,1,65,129,6,0,8,634,365,0.634,552,319,44,0.273084,0.022394948335246842,0.75,0.7005,934,0.75,1,118
30,1,1,867,18,63,51,1,63,133,4,0,6,629,370,0.629,548,319,39,0.27207600000000004,0.022415224913494812,0.75,0.702,936,0.75,1,122
31,1,1,862,18,63,56,1,63,138,5,0,5,635,364,0.635,551,311,36,0.269472,0.02232946635730858,0.75,0.702,936,0.75,1,127
32,1,1,856,16,66,61,1,66,144,6,0,5,631,368,0.631,538,318,40,0.26913600000000004,0.022457943925233648,0.75,0.69975,933,0.75,1,133
33,1,1,853,16,66,64,1,66,147,4,0,4,599,400,0.599,515,338,34,0.27174000000000004,0.022754982415005863,0.75,0.69975,933,0.75,1,137
34,1,1,850,15,66,68,1,66,150,4,0,5,599,400,0.599,510,340,36,0.27132,0.022799999999999997,0.75,0.69975,933,0.75,1,141
35,1,1,842,20,64,73,1,64,158,8,0,5,578,421,0.578,488,354,38,0.271656,0.02304513064133017,0.75,0.70125,935,0.75,1,149
36,1,1,837,15,70,77,1,70,163,5,0,4,609,390,0.609,512,325,50,0.26552400000000004,0.022659498207885306,0.75,0.69675,929,0.75,1,154
37,1,1,827,19,68,85,1,68,173,10,0,8,653,346,0.653,533,294,48,0.257796,0.02226602176541717,0.75,0.69825,931,0.75,1,164
38,1,1,824,14,70,91,1,70,176,3,0,6,660,339,0.66,533,291,53,0.25653600000000004,0.022237864077669905,0.75,0.69675,929,0.75,1,167
39,1,1,820,14,67,98,1,67,180,4,0,7,631,368,0.631,522,298,51,0.256704,0.022360975609756095,0.75,0.699,932,0.75,1,171
40,1,1,812,17,69,101,1,69,188,8,0,3,656,343,0.656,530,282,48,0.25200000000000006,0.022167487684729065,0.75,0.6975,930,0.75,1,179
41,1,1,805,19,73,102,1,73,195,8,0,2,626,373,0.626,502,303,53,0.253764,0.0225167701863354,0.75,0.6945,926,0.75,1,187
42,1,1,801,19,71,108,1,71,199,5,0,7,634,365,0.634,496,305,55,0.25309200000000004,0.02256928838951311,0.75,0.696,928,0.75,1,192
43,1,1,797,22,65,115,1,65,203,5,0,8,641,358,0.641,512,285,40,0.24872400000000006,0.022291091593475535,0.75,0.7005,934,0.75,1,197
44,1,1,790,26,64,119,1,64,210,9,0,6,639,360,0.639,502,288,42,0.24746400000000002,0.0223746835443038,0.75,0.70125,935,0.75,1,206
45,1,1,787,22,66,124,1,66,213,4,0,6,628,371,0.628,490,297,42,0.24822,0.02252858958068615,0.75,0.69975,933,0.75,1,210
46,1,1,782,19,72,126,1,72,218,6,0,3,634,365,0.634,499,283,48,0.24460800000000002,0.022342710997442457,0.75,0.69525,927,0.75,1,216
47,1,1,778,22,68,131,1,68,222,6,0,7,628,371,0.628,493,285,41,0.24393600000000004,0.022395886889460155,0.75,0.69825,931,0.75,1,222
48,1,1,775,16,74,134,1,74,225,3,0,3,644,355,0.644,507,268,52,0.240324,0.02214967741935484,0.75,0.69375,925,0.75,1,225
49,1,1,772,15,76,136,1,76,228,4,0,3,632,367,0.632,489,283,58,0.24208800000000003,0.02239896373056995,0.75,0.69225,923,0.75,1,229
50,1,1,768,13,79,139,1,79,232,5,0,4,621,378,0.621,478,290,62,0.24225600000000005,0.022531250000000003,0.75,0.69,920,0.75,1,234
51,1,1,768,9,77,145,1,77,232,2,0,8,622,377,0.622,483,285,56,0.24141600000000005,0.022453125,0.75,0.6915,922,0.75,1,236
52,1,1,762,11,77,149,1,77,238,7,0,5,618,381,0.618,480,282,56,0.23940000000000006,0.022440944881889767,0.75,0.6915,922,0.75,1,243
53,1,1,756,14,75,153,2,75,244,7,1,5,622,376,0.622,477,279,53,0.23738400000000004,0.022428571428571433,0.75,0.69225,923,0.75,2,250
54,1,1,754,16,68,160,2,68,246,4,0,9,618,380,0.618,462,292,45,0.23906400000000003,0.022647214854111405,0.75,0.6975,930,0.75,2,254
55,1,1,749,16,68,165,2,68,251,5,0,5,634,364,0.634,478,271,45,0.23427600000000004,0.02234178905206943,0.75,0.6975,930,0.75,2,259
56,1,1,744,18,69,167,2,69,256,7,0,4,633,365,0.633,473,271,44,0.23301599999999995,0.02237096774193548,0.75,0.69675,929,0.75,2,266
57,1,1,741,18,72,167,2,72,259,5,0,2,629,369,0.629,473,268,43,0.23175600000000005,0.02234008097165992,0.75,0.6945,926,0.75,2,271
58,1,1,732,22,70,174,2,70,268,10,0,8,636,362,0.636,478,254,46,0.22713600000000003,0.02216393442622951,0.75,0.696,928,0.75,2,281
59,1,1,727,21,71,179,2,71,273,6,0,6,647,351,0.647,477,250,48,0.22520400000000002,0.022126547455295735,0.75,0.69525,927,0.75,2,287
60,1,1,724,21,69,184,2,69,276,6,0,8,672,326,0.672,498,226,40,0.22041600000000003,0.02174585635359116,0.75,0.69675,929,0.75,2,293
61,1,1,715,24,71,188,2,71,285,10,0,5,643,355,0.643,462,253,46,0.22268400000000002,0.022246153846153846,0.75,0.69525,927,0.75,2,303
62,1,1,713,19,74,192,2,74,287,5,0,7,636,362,0.636,455,258,50,0.22302,0.022342215988779803,0.75,0.693,924,0.75,2,308
63,1,1,708,18,79,193,2,79,292,7,0,3,630,368,0.63,449,259,48,0.22192800000000004,0.022389830508474578,0.75,0.68925,919,0.75,2,315
64,1,1,706,13,79,200,2,79,294,2,0,7,642,356,0.642,464,242,51,0.218568,0.02211331444759207,0.75,0.68925,919,0.75,2,317
65,1,1,700,18,71,208,3,71,300,8,1,10,657,340,0.657,450,250,50,0.2184,0.022285714285714287,0.75,0.6945,926,0.75,3,325
66,1,1,695,15,77,210,3,77,305,5,0,2,648,349,0.648,438,257,51,0.21831599999999998,0.022437410071942446,0.75,0.69,920,0.75,3,330
67,1,1,693,15,80,209,3,80,307,3,0,0,646,351,0.646,442,251,54,0.216804,0.022346320346320347,0.75,0.68775,917,0.75,3,333
68,1,1,692,12,85,208,3,85,308,3,0,1,649,348,0.649,439,253,62,0.216888,0.02238728323699422,0.75,0.684,912,0.75,3,336
69,1,1,690,15,81,211,3,81,310,6,0,7,609,388,0.609,426,264,54,0.218232,0.022591304347826087,0.75,0.687,916,0.75,3,342
70,1,1,687,14,76,220,3,76,313,4,0,10,621,376,0.621,426,261,49,0.21697200000000005,0.022558951965065504,0.75,0.69075,921,0.75,3,346
71,1,1,686,14,75,222,3,75,314,2,0,3,614,383,0.614,415,271,52,0.21840000000000004,0.022740524781341108,0.75,0.6915,922,0.75,3,348
72,1,1,684,13,73,226,4,73,316,3,1,5,623,373,0.623,433,251,49,0.21453600000000006,0.022403508771929828,0.75,0.69225,923,0.75,4,351
73,1,1,681,11,69,235,4,69,319,4,0,10,595,401,0.595,412,269,51,0.21680400000000002,0.022740088105726874,0.75,0.69525,927,0.75,4,355
74,1,1,680,12,66,238,4,66,320,5,0,7,600,396,0.6,426,254,44,0.21403200000000003,0.02248235294117647,0.75,0.6975,930,0.75,4,360
75,1,1,675,18,60,243,4,60,325,6,0,6,610,386,0.61,429,246,38,0.21142800000000006,0.022373333333333335,0.75,0.702,936,0.75,4,366
76,1,1,674,17,57,248,4,57,326,3,0,7,644,352,0.644,444,230,42,0.208488,0.02209495548961424,0.75,0.70425,939,0.75,4,369
77,1,1,676,12,58,250,4,58,324,1,0,5,658,338,0.658,456,220,39,0.20731200000000002,0.021905325443786983,0.75,0.7035,938,0.75,4,370
78,1,1,676,9,59,252,4,59,324,4,0,6,617,379,0.617,422,254,43,0.21302400000000005,0.02250887573964497,0.75,0.70275,937,0.75,4,374
79,1,1,676,8,57,255,4,57,324,2,0,5,632,364,0.632,434,242,44,0.21100800000000003,0.02229585798816568,0.75,0.70425,939,0.75,4,376
80,1,1,678,7,55,256,4,55,322,2,0,5,622,374,0.622,435,243,38,0.21168000000000003,0.022300884955752213,0.75,0.70575,941,0.75,4,378
81,1,1,672,11,54,259,4,54,328,8,0,5,646,350,0.646,441,231,42,0.20815200000000003,0.022125,0.75,0.7065,942,0.75,4,386
82,1,1,669,13,53,261,4,53,331,5,0,4,601,395,0.601,410,259,30,0.21209999999999998,0.0226457399103139,0.75,0.70725,943,0.75,4,391
83,1,1,671,13,53,259,4,53,329,3,0,3,621,375,0.621,412,259,32,0.21260400000000002,0.022631892697466467,0.75,0.70725,943,0.75,4,394
84,1,1,669,13,49,265,4,49,331,3,0,7,609,387,0.609,417,252,32,0.21092400000000003,0.02252017937219731,0.75,0.71025,947,0.75,4,397
85,1,1,668,8,51,269,4,51,332,1,0,4,585,411,0.585,395,273,31,0.21420000000000003,0.02290419161676647,0.75,0.70875,945,0.75,4,398
86,1,1,669,8,50,269,4,50,331,2,0,3,636,360,0.636,441,228,32,0.20689200000000002,0.02208968609865471,0.75,0.7095,946,0.75,4,400
87,1,1,669,9,48,270,4,48,331,3,0,4,643,353,0.643,443,226,31,0.20655600000000005,0.02205381165919283,0.75,0.711,948,0.75,4,403
88,1,1,665,10,49,272,4,49,335,6,0,4,616,380,0.616,421,244,29,0.208572,0.02240300751879699,0.75,0.71025,947,0.75,4,409
89,1,1,662,15,43,276,4,43,338,8,0,9,589,407,0.589,401,261,25,0.21067200000000003,0.022731117824773415,0.75,0.71475,953,0.75,4,417
90,1,1,661,15,43,277,4,43,339,3,0,3,627,369,0.627,415,246,32,0.20790000000000003,0.022465960665658095,0.75,0.71475,953,0.75,4,420
91,1,1,663,11,43,279,4,43,337,1,0,5,640,356,0.64,425,238,30,0.20706,0.022307692307692306,0.75,0.71475,953,0.75,4,421
92,1,1,660,9,45,282,4,45,340,3,0,3,649,347,0.649,431,229,33,0.20479200000000003,0.022163636363636365,0.75,0.71325,951,0.75,4,424
93,1,1,658,7,47,284,4,47,342,3,0,3,684,312,0.684,458,200,35,0.199416,0.02164741641337386,0.75,0.71175,949,0.75,4,427
94,1,1,659,7,47,283,4,47,341,3,0,3,642,354,0.642,428,231,34,0.20487600000000003,0.02220637329286798,0.75,0.71175,949,0.75,4,430
95,1,1,656,10,45,285,4,45,344,5,0,4,618,378,0.618,406,250,28,0.20731200000000002,0.022573170731707316,0.75,0.71325,951,0.75,4,435
96,1,1,655,10,43,288,4,43,345,2,0,4,617,379,0.617,397,258,29,0.208404,0.022726717557251908,0.75,0.71475,953,0.75,4,437
97,1,1,654,8,47,287,4,47,346,4,0,2,591,405,0.591,379,275,27,0.21100800000000003,0.023045871559633026,0.75,0.71175,949,0.75,4,441
98,1,1,653,10,46,287,4,46,347,4,0,3,601,395,0.601,391,262,26,0.20857200000000004,0.022814701378254212,0.75,0.7125,950,0.75,4,445
99,1,1,646,15,40,295,4,40,354,7,0,8,591,405,0.591,379,267,27,0.207648,0.022959752321981424,0.75,0.717,956,0.75,4,452
100,1,1,645,10,45,296,4,45,355,1,0,1,608,388,0.608,385,260,36,0.20622000000000001,0.022837209302325582,0.75,0.71325,951,0.75,4,453
101,1,1,645,8,47,296,4,47,355,3,0,3,635,361,0.635,410,235,37,0.20202,0.022372093023255813,0.75,0.71175,949,0.75,4,456
102,1,1,641,10,47,297,5,47,359,5,1,2,642,353,0.642,403,238,35,0.201516,0.02245553822152886,0.75,0.711,948,0.75,5,461
103,1,1,643,11,40,301,5,40,357,1,0,7,640,355,0.64,413,230,25,0.20067600000000002,0.022292379471228616,0.75,0.71625,955,0.75,5,462
104,1,1,640,9,43,303,5,43,360,4,0,3,607,388,0.607,401,239,30,0.20143200000000003,0.02248125,0.75,0.714,952,0.75,5,466
105,1,1,640,8,42,305,5,42,360,1,0,3,604,391,0.604,394,246,27,0.202608,0.0226125,0.75,0.71475,953,0.75,5,467
106,1,1,634,9,46,306,5,46,366,6,0,1,622,373,0.622,397,237,33,0.199584,0.022485804416403785,0.75,0.71175,949,0.75,5,473
107,1,1,630,9,46,310,5,46,370,4,0,4,638,357,0.638,410,220,36,0.19572000000000003,0.02219047619047619,0.75,0.71175,949,0.75,5,477
108,1,1,633,9,43,309,6,43,367,2,1,4,640,354,0.64,422,211,27,0.194964,0.022,0.75,0.71325,951,0.75,6,479
109,1,1,635,9,43,307,6,43,365,2,0,2,647,347,0.647,425,210,28,0.19530000000000003,0.021968503937007874,0.75,0.71325,951,0.75,6,481
110,1,1,634,12,43,305,6,43,366,6,0,3,626,368,0.626,417,217,28,0.196224,0.02210725552050473,0.75,0.71325,951,0.75,6,487
111,1,1,630,13,45,306,6,45,370,5,0,2,608,386,0.608,397,233,28,0.19790400000000002,0.02243809523809524,0.75,0.71175,949,0.75,6,492
112,1,1,631,12,41,310,6,41,369,3,0,8,602,392,0.602,392,239,26,0.199164,0.022545166402535656,0.75,0.71475,953,0.75,6,495
113,1,1,631,11,41,311,6,41,369,3,0,4,612,382,0.612,396,235,25,0.19849200000000003,0.02246909667194929,0.75,0.71475,953,0.75,6,498
114,1,1,627,12,41,314,6,41,373,5,0,4,623,371,0.623,397,230,30,0.19664400000000004,0.02240191387559809,0.75,0.71475,953,0.75,6,503
115,1,1,625,10,43,316,6,43,375,3,0,3,661,333,0.661,430,195,32,0.19026,0.021744,0.75,0.71325,951,0.75,6,506
116,1,1,623,10,40,321,6,40,377,2,0,5,636,358,0.636,398,225,33,0.19479600000000002,0.0223338683788122,0.75,0.7155,954,0.75,6,508
117,1,1,623,9,40,322,6,40,377,1,0,2,596,398,0.596,368,255,31,0.199836,0.02291171749598716,0.75,0.7155,954,0.75,6,509
118,1,1,625,4,44,321,6,44,375,1,0,2,632,362,0.632,389,236,34,0.197148,0.022531199999999998,0.75,0.7125,950,0.75,6,510
119,1,1,627,2,44,321,6,44,373,1,0,3,630,364,0.63,400,227,27,0.19614000000000004,0.022344497607655504,0.75,0.7125,950,0.75,6,511
120,1,1,628,2,43,321,6,43,372,2,0,3,659,335,0.659,424,204,29,0.192528,0.02189808917197452,0.75,0.71325,951,0.75,6,513
121,1,1,626,4,41,322,7,41,374,2,1,1,650,343,0.65,420,206,31,0.19236000000000003,0.02194888178913738,0.75,0.714,952,0.75,7,515
122,1,1,629,2,41,321,7,41,371,0,0,2,665,328,0.665,429,200,30,0.192108,0.02181558028616852,0.75,0.714,952,0.75,7,515
123,1,1,627,3,40,323,7,40,373,3,0,3,632,361,0.632,418,209,30,0.193116,0.022000000000000002,0.75,0.71475,953,0.75,7,518
124,1,1,624,6,34,329,7,34,376,3,0,6,644,349,0.644,402,222,22,0.19454400000000002,0.02226923076923077,0.75,0.71925,959,0.75,7,521
125,1,1,625,4,34,330,7,34,375,0,0,2,630,363,0.63,395,230,23,0.19614000000000004,0.022416000000000002,0.75,0.71925,959,0.75,7,521
126,1,1,630,3,33,327,7,33,370,1,0,3,589,404,0.589,369,261,19,0.20260799999999998,0.02297142857142857,0.75,0.72,960,0.75,7,522
127,1,1,629,5,28,330,8,28,371,3,1,5,610,382,0.61,387,242,24,0.199164,0.02261685214626391,0.75,0.723,964,0.75,8,525
128,1,1,632,6,21,333,8,21,368,1,0,7,617,375,0.617,397,235,14,0.19874400000000003,0.0224620253164557,0.75,0.72825,971,0.75,8,526
129,1,1,632,4,22,334,8,22,368,1,0,2,618,374,0.618,395,237,16,0.19908000000000003,0.022500000000000003,0.75,0.7275,970,0.75,8,527
130,1,1,635,2,20,335,8,20,365,0,0,4,614,378,0.614,407,228,17,0.19832400000000003,0.022308661417322836,0.75,0.729,972,0.75,8,527
131,1,1,636,2,17,337,8,17,364,1,0,4,614,378,0.614,403,233,9,0.199416,0.02239622641509434,0.75,0.73125,975,0.75,8,528
132,1,1,637,2,16,337,8,16,363,0,0,1,601,391,0.601,396,241,11,0.201012,0.022540031397174254,0.75,0.732,976,0.75,8,528
133,1,1,638,2,14,338,8,14,362,1,0,3,599,393,0.599,381,257,8,0.203952,0.02283385579937304,0.75,0.7335,978,0.75,8,529
134,1,1,643,2,14,333,8,14,357,0,0,0,610,382,0.61,402,241,10,0.20252400000000004,0.022497667185069986,0.75,0.7335,978,0.75,8,529
135,1,1,644,3,13,332,8,13,356,1,0,1,590,402,0.59,384,260,9,0.20596800000000004,0.02284472049689441,0.75,0.73425,979,0.75,8,530
136,1,1,644,3,13,332,8,13,356,1,0,1,613,379,0.613,392,252,8,0.20462400000000003,0.022695652173913044,0.75,0.73425,979,0.75,8,531
137,1,1,645,2,12,333,8,12,355,0,0,2,630,362,0.63,407,238,9,0.20252399999999998,0.022427906976744183,0.75,0.735,980,0.75,8,531
138,1,1,646,1,13,332,8,13,354,1,0,1,638,354,0.638,420,226,9,0.20076000000000005,0.022198142414860685,0.75,0.73425,979,0.75,8,532
139,1,1,646,1,12,333,8,12,354,0,0,1,628,364,0.628,415,231,7,0.20160000000000003,0.022291021671826627,0.75,0.735,980,0.75,8,532
140,1,1,648,2,11,331,8,11,352,1,0,1,625,367,0.625,413,235,7,0.202776,0.022351851851851852,0.75,0.73575,981,0.75,8,533
141,1,1,649,3,9,331,8,9,351,1,0,2,631,361,0.631,421,228,6,0.201852,0.022215716486902928,0.75,0.73725,983,0.75,8,534
142,1,1,650,4,9,329,8,9,350,2,0,1,624,368,0.624,410,240,6,0.20412,0.02243076923076923,0.75,0.73725,983,0.75,8,536
143,1,1,651,2,10,329,8,10,349,0,0,1,632,360,0.632,434,217,7,0.20050800000000002,0.022,0.75,0.7365,982,0.75,8,536
144,1,1,652,2,9,329,8,9,348,0,0,1,615,377,0.615,419,233,3,0.20344800000000002,0.022288343558282207,0.75,0.73725,983,0.75,8,536
145,1,1,655,1,10,326,8,10,345,0,0,0,600,392,0.6,389,266,5,0.209748,0.02287328244274809,0.75,0.7365,982,0.75,8,536
146,1,1,657,1,9,325,8,9,343,0,0,1,636,356,0.636,429,228,5,0.20386800000000005,0.02216438356164384,0.75,0.73725,983,0.75,8,536
147,1,1,660,0,10,322,8,10,340,0,0,0,637,355,0.637,426,234,6,0.205632,0.022254545454545454,0.75,0.7365,982,0.75,8,536
148,1,1,661,2,8,321,8,8,339,2,0,2,633,359,0.633,425,236,5,0.20622000000000001,0.022284417549167927,0.75,0.738,984,0.75,8,538
149,1,1,662,2,7,321,8,7,338,0,0,1,632,360,0.632,431,231,6,0.205632,0.022187311178247734,0.75,0.73875,985,0.75,8,538
150,1,1,663,3,6,320,8,6,337,1,0,1,633,359,0.633,445,218,4,0.20370000000000005,0.021945701357466065,0.75,0.7395,986,0.75,8,539
151,1,1,666,1,8,317,8,8,334,0,0,0,635,357,0.635,435,231,5,0.20664000000000002,0.02216216216216216,0.75,0.738,984,0.75,8,539
152,1,1,666,0,9,317,8,9,334,0,0,0,611,381,0.611,412,254,6,0.21050400000000005,0.02257657657657658,0.75,0.73725,983,0.75,8,539
153,1,1,668,0,7,317,8,7,332,0,0,2,603,389,0.603,417,251,4,0.21050400000000005,0.022508982035928146,0.75,0.73875,985,0.75,8,539
154,1,1,666,4,7,315,8,7,334,4,0,0,602,390,0.602,420,246,5,0.20916000000000007,0.022432432432432436,0.75,0.73875,985,0.75,8,543
155,1,1,669,4,7,312,8,7,331,0,0,0,609,383,0.609,415,254,4,0.21126000000000003,0.022556053811659194,0.75,0.73875,985,0.75,8,543
156,1,1,672,2,7,311,8,7,328,0,0,2,617,375,0.617,416,256,6,0.212352,0.02257142857142857,0.75,0.73875,985,0.75,8,543
157,1,1,673,2,7,310,8,7,327,0,0,0,617,375,0.617,422,251,4,0.21176400000000004,0.02247548291233284,0.75,0.73875,985,0.75,8,543
158,1,1,676,2,8,306,8,8,324,1,0,0,610,382,0.61,427,249,5,0.21218400000000004,0.022420118343195267,0.75,0.738,984,0.75,8,544
159,1,1,678,2,10,302,8,10,322,2,0,0,557,435,0.557,391,287,7,0.21907200000000004,0.023079646017699115,0.75,0.7365,982,0.75,8,546
160,1,1,680,2,9,301,8,9,320,1,0,2,608,384,0.608,418,262,7,0.215376,0.022623529411764706,0.75,0.73725,983,0.75,8,547
161,1,1,679,2,10,301,8,10,321,1,0,0,615,377,0.615,421,258,8,0.214452,0.02255964653902798,0.75,0.7365,982,0.75,8,548
162,1,1,679,2,11,300,8,11,321,1,0,0,647,345,0.647,444,235,9,0.210588,0.022153166421207657,0.75,0.73575,981,0.75,8,549
163,1,1,680,2,11,299,8,11,320,0,0,0,618,374,0.618,424,256,9,0.214368,0.022517647058823528,0.75,0.73575,981,0.75,8,549
164,1,1,681,3,11,297,8,11,319,2,0,1,628,364,0.628,434,247,6,0.21310800000000002,0.022352422907488987,0.75,0.73575,981,0.75,8,551
165,1,1,682,2,12,296,8,12,318,0,0,0,610,382,0.61,411,271,6,0.217392,0.022768328445747797,0.75,0.735,980,0.75,8,551
166,1,1,684,2,12,294,8,12,316,1,0,1,612,380,0.612,418,266,6,0.21705600000000005,0.02266666666666667,0.75,0.735,980,0.75,8,552
167,1,1,686,3,10,293,8,10,314,1,0,2,597,395,0.597,403,283,4,0.22041600000000003,0.022950437317784258,0.75,0.7365,982,0.75,8,553
168,1,1,685,2,10,295,8,10,315,1,0,2,619,373,0.619,418,267,6,0.217476,0.02267737226277372,0.75,0.7365,982,0.75,8,554
169,1,1,687,2,10,293,8,10,313,0,0,0,594,398,0.594,409,278,7,0.21982800000000002,0.022855895196506548,0.75,0.7365,982,0.75,8,554
170,1,1,688,3,11,290,8,11,312,2,0,0,586,406,0.586,397,291,6,0.222264,0.023075581395348838,0.75,0.73575,981,0.75,8,556
171,1,1,691,3,11,287,8,11,309,0,0,0,605,387,0.605,418,273,8,0.219996,0.022740955137481908,0.75,0.73575,981,0.75,8,556
172,1,1,693,1,11,287,8,11,307,0,0,2,611,381,0.611,422,271,11,0.22016399999999997,0.02269264069264069,0.75,0.73575,981,0.75,8,556
173,1,1,692,3,9,288,8,9,308,2,0,2,594,398,0.594,414,278,7,0.221088,0.022820809248554914,0.75,0.73725,983,0.75,8,558
174,1,1,695,3,8,286,8,8,305,0,0,1,614,378,0.614,416,279,8,0.22201200000000001,0.02281726618705036,0.75,0.738,984,0.75,8,558
175,1,1,699,3,9,281,8,9,301,1,0,0,604,388,0.604,430,269,7,0.22133999999999998,0.02261802575107296,0.75,0.73725,983,0.75,8,559
176,1,1,701,2,9,280,8,9,299,0,0,1,653,339,0.653,470,231,5,0.21545999999999998,0.021954350927246787,0.75,0.73725,983,0.75,8,559
177,1,1,702,1,10,279,8,10,298,0,0,0,646,346,0.646,466,236,5,0.216552,0.022034188034188034,0.75,0.7365,982,0.75,8,559
178,1,1,703,0,9,280,8,9,297,0,0,2,628,364,0.628,445,258,7,0.2205,0.02240398293029872,0.75,0.73725,983,0.75,8,559
179,1,1,704,1,8,279,8,8,296,1,0,1,637,355,0.637,445,259,7,0.22092,0.022414772727272728,0.75,0.738,984,0.75,8,560
180,1,1,705,1,8,278,8,8,295,0,0,0,628,364,0.628,448,257,7,0.220836,0.022374468085106382,0.75,0.738,984,0.75,8,560
181,1,1,705,2,8,277,8,8,295,1,0,0,598,394,0.598,421,284,6,0.225372,0.022834042553191488,0.75,0.738,984,0.75,8,561
182,1,1,706,2,9,275,8,9,294,1,0,0,609,383,0.609,429,277,5,0.22444800000000004,0.022708215297450426,0.75,0.73725,983,0.75,8,562
183,1,1,706,3,7,276,8,7,294,1,0,2,615,377,0.615,436,270,4,0.22327199999999997,0.022589235127478752,0.75,0.73875,985,0.75,8,563
184,1,1,706,1,7,278,8,7,294,0,0,2,584,408,0.584,420,286,4,0.22596,0.022861189801699718,0.75,0.73875,985,0.75,8,563
185,1,1,704,2,8,278,8,8,296,2,0,0,574,418,0.574,400,304,6,0.22848,0.023181818181818182,0.75,0.738,984,0.75,8,565
186,1,1,706,0,9,277,8,9,294,0,0,1,620,372,0.62,430,276,8,0.22428000000000006,0.022691218130311618,0.75,0.73725,983,0.75,8,565
187,1,1,708,0,8,276,8,8,292,0,0,1,626,366,0.626,438,270,7,0.22377600000000003,0.02257627118644068,0.75,0.738,984,0.75,8,565
188,1,1,708,0,8,276,8,8,292,0,0,0,612,380,0.612,438,270,7,0.22377600000000003,0.02257627118644068,0.75,0.738,984,0.75,8,565
189,1,1,712,0,8,272,8,8,288,0,0,0,634,358,0.634,456,256,4,0.22243199999999996,0.02231460674157303,0.75,0.738,984,0.75,8,565
190,1,1,716,0,8,268,8,8,284,0,0,0,622,370,0.622,442,274,5,0.226464,0.02259217877094972,0.75,0.738,984,0.75,8,565
191,1,1,718,1,8,265,8,8,282,1,0,0,596,396,0.596,431,287,7,0.22915199999999997,0.022796657381615598,0.75,0.738,984,0.75,8,566
192,1,1,720,2,6,264,8,6,280,1,0,2,617,375,0.617,449,271,5,0.22696800000000003,0.022516666666666667,0.75,0.7395,986,0.75,8,567
193,1,1,721,2,6,263,8,6,279,0,0,0,583,409,0.583,427,294,5,0.231084,0.022893203883495146,0.75,0.7395,986,0.75,8,567
194,1,1,723,2,6,261,8,6,277,0,0,0,591,401,0.591,437,286,4,0.230244,0.022746887966804977,0.75,0.7395,986,0.75,8,567
195,1,1,725,0,8,259,8,8,275,0,0,0,608,384,0.608,455,270,7,0.22805999999999998,0.02246896551724138,0.75,0.738,984,0.75,8,567
196,1,1,725,2,7,258,8,7,275,2,0,1,633,359,0.633,470,255,6,0.22554,0.022220689655172415,0.75,0.73875,985,0.75,8,569
197,1,1,725,1,7,259,8,7,275,0,0,1,646,346,0.646,478,247,5,0.22419600000000006,0.02208827586206897,0.75,0.73875,985,0.75,8,569
198,1,1,725,2,5,260,8,5,275,1,0,2,598,394,0.598,440,285,2,0.23057999999999998,0.022717241379310343,0.75,0.74025,987,0.75,8,570
199,1,1,727,1,6,258,8,6,273,0,0,0,614,378,0.614,442,285,3,0.231084,0.022704264099037138,0.75,0.7395,986,0.75,8,570
200,1,1,727,1,7,257,8,7,273,1,0,0,608,384,0.608,431,296,4,0.23293199999999997,0.02288583218707015,0.75,0.73875,985,0.75,8,571
201,1,1,729,2,5,256,8,5,271,1,0,2,599,393,0.599,444,285,1,0.23158800000000002,0.022691358024691362,0.75,0.74025,987,0.75,8,572
202,1,1,732,1,6,253,8,6,268,0,0,0,574,418,0.574,433,299,3,0.23469600000000007,0.0229016393442623,0.75,0.7395,986,0.75,8,572
203,1,1,732,0,7,253,8,7,268,0,0,0,603,389,0.603,437,295,5,0.23402399999999998,0.022836065573770492,0.75,0.73875,985,0.75,8,572
204,1,1,733,0,7,252,8,7,267,0,0,0,596,396,0.596,439,294,4,0.234108,0.022813096862210096,0.75,0.73875,985,0.75,8,572
205,1,1,733,0,7,252,8,7,267,0,0,0,625,367,0.625,470,263,4,0.22889999999999996,0.022305593451568892,0.75,0.73875,985,0.75,8,572
206,1,1,733,4,7,248,8,7,267,4,0,0,593,399,0.593,445,288,4,0.23309999999999997,0.022714870395634378,0.75,0.73875,985,0.75,8,576
207,1,1,734,5,8,245,8,8,266,2,0,0,599,393,0.599,439,295,3,0.23452800000000004,0.02282288828337875,0.75,0.738,984,0.75,8,578
208,1,1,735,3,9,245,8,9,265,0,0,1,645,347,0.645,473,262,6,0.229236,0.02227755102040816,0.75,0.73725,983,0.75,8,578
209,1,1,737,3,9,243,8,9,263,1,0,1,633,359,0.633,469,268,5,0.230748,0.022363636363636363,0.75,0.73725,983,0.75,8,579
210,1,1,738,4,9,241,8,9,262,2,0,1,651,341,0.651,486,252,9,0.22831200000000001,0.022097560975609755,0.75,0.73725,983,0.75,8,581
211,1,1,740,4,9,239,8,9,260,1,0,1,642,350,0.642,474,266,8,0.23116799999999998,0.022313513513513513,0.75,0.73725,983,0.75,8,582
212,1,1,740,5,9,238,8,9,260,2,0,1,663,329,0.663,494,246,8,0.22780799999999998,0.021989189189189188,0.75,0.73725,983,0.75,8,584
213,1,1,741,2,12,237,8,12,259,0,0,0,650,342,0.65,482,259,9,0.230244,0.022194331983805667,0.75,0.735,980,0.75,8,584
214,1,1,740,4,11,237,8,11,260,2,0,1,659,333,0.659,491,249,6,0.22831200000000001,0.02203783783783784,0.75,0.73575,981,0.75,8,586
215,1,1,739,5,12,236,8,12,261,2,0,0,654,338,0.654,487,252,11,0.22856400000000002,0.022092016238159675,0.75,0.735,980,0.75,8,588
216,1,1,739,4,14,235,8,14,261,1,0,0,643,349,0.643,481,258,10,0.229572,0.022189445196211095,0.75,0.7335,978,0.75,8,589
217,1,1,740,3,14,235,8,14,260,0,0,1,641,351,0.641,479,261,6,0.23032799999999998,0.02223243243243243,0.75,0.7335,978,0.75,8,589
218,1,1,740,2,14,236,8,14,260,0,0,1,634,358,0.634,468,272,7,0.23217600000000002,0.022410810810810814,0.75,0.7335,978,0.75,8,589
219,1,1,741,1,13,237,8,13,259,0,0,2,607,385,0.607,445,296,9,0.23646000000000003,0.02279352226720648,0.75,0.73425,979,0.75,8,589
220,1,1,739,2,14,237,8,14,261,2,0,0,639,353,0.639,476,263,9,0.23041199999999998,0.022270635994587278,0.75,0.7335,978,0.75,8,591
221,1,1,741,3,13,235,8,13,259,1,0,1,628,364,0.628,466,275,8,0.232932,0.022453441295546557,0.75,0.73425,979,0.75,8,592
222,1,1,742,3,13,234,8,13,258,0,0,0,634,358,0.634,473,269,6,0.23217600000000002,0.022350404312668465,0.75,0.73425,979,0.75,8,592
223,1,1,743,1,15,233,8,15,257,0,0,0,638,354,0.638,476,267,9,0.232092,0.022312247644683713,0.75,0.73275,977,0.75,8,592
224,1,1,744,2,15,231,8,15,256,1,0,0,628,364,0.628,468,276,7,0.233856,0.022451612903225806,0.75,0.73275,977,0.75,8,593
225,1,1,743,3,14,232,8,14,257,1,0,1,633,359,0.633,478,265,4,0.23175600000000005,0.022279946164199194,0.75,0.7335,978,0.75,8,594
226,1,1,744,2,14,232,8,14,256,0,0,1,663,329,0.663,500,244,8,0.22848,0.02193548387096774,0.75,0.7335,978,0.75,8,594
227,1,1,745,2,10,235,8,10,255,1,0,5,637,355,0.637,478,267,3,0.23259600000000002,0.022300671140939598,0.75,0.7365,982,0.75,8,595
228,1,1,748,2,10,232,8,10,252,0,0,0,641,351,0.641,479,269,7,0.23368799999999998,0.022315508021390373,0.75,0.7365,982,0.75,8,595
229,1,1,749,3,8,232,8,8,251,1,0,2,612,380,0.612,464,285,7,0.236628,0.022566088117489988,0.75,0.738,984,0.75,8,596
230,1,1,749,3,7,233,8,7,251,1,0,2,602,390,0.602,465,284,6,0.23646,0.022550066755674232,0.75,0.73875,985,0.75,8,597
231,1,1,750,3,7,232,8,7,250,0,0,0,631,361,0.631,486,264,5,0.23335200000000003,0.022224,0.75,0.73875,985,0.75,8,597
232,1,1,751,2,7,232,8,7,249,0,0,1,611,381,0.611,467,284,6,0.23696400000000006,0.022537949400798937,0.75,0.73875,985,0.75,8,597
233,1,1,751,1,7,233,8,7,249,0,0,1,650,342,0.65,494,257,6,0.23242799999999994,0.022106524633821567,0.75,0.73875,985,0.75,8,597
234,1,1,753,1,7,231,8,7,247,0,0,0,627,365,0.627,481,272,5,0.235452,0.022334661354581672,0.75,0.73875,985,0.75,8,597
235,1,1,752,1,7,232,8,7,248,1,0,1,594,398,0.594,460,292,5,0.23856,0.022659574468085104,0.75,0.73875,985,0.75,8,598
236,1,1,753,2,7,230,8,7,247,1,0,0,632,360,0.632,494,259,4,0.233268,0.022127490039840637,0.75,0.73875,985,0.75,8,599
237,1,1,754,2,5,231,8,5,246,0,0,2,613,379,0.613,470,284,5,0.23772,0.02251989389920424,0.75,0.74025,987,0.75,8,599
238,1,1,756,2,4,230,8,4,244,0,0,1,597,395,0.597,463,293,2,0.23973600000000006,0.022650793650793654,0.75,0.741,988,0.75,8,599
239,1,1,757,3,3,229,8,3,243,1,0,1,586,406,0.586,455,302,2,0.2415,0.022787318361955085,0.75,0.74175,989,0.75,8,600
240,1,1,761,1,6,224,8,6,239,1,0,0,640,352,0.64,500,261,5,0.23561999999999997,0.022115637319316685,0.75,0.7395,986,0.75,8,601
241,1,1,761,0,6,225,8,6,239,0,0,1,643,349,0.643,494,267,5,0.236628,0.02221024967148489,0.75,0.7395,986,0.75,8,601
242,1,1,760,1,6,225,8,6,240,1,0,0,609,383,0.609,463,297,4,0.241416,0.022689473684210527,0.75,0.7395,986,0.75,8,602
243,1,1,761,1,6,224,8,6,239,0,0,0,625,367,0.625,469,292,5,0.240828,0.02260446780551905,0.75,0.7395,986,0.75,8,602
244,1,1,763,1,6,222,8,6,237,0,0,0,633,359,0.633,493,270,3,0.2376360000000001,0.02224639580602884,0.75,0.7395,986,0.75,8,602
245,1,1,766,1,6,219,8,6,234,0,0,0,629,363,0.629,484,282,4,0.24040799999999996,0.022417754569190596,0.75,0.7395,986,0.75,8,602
246,1,1,767,0,6,219,8,6,233,0,0,1,627,365,0.627,483,284,5,0.24099600000000002,0.02244328552803129,0.75,0.7395,986,0.75,8,602
247,1,1,767,1,6,218,8,6,233,1,0,0,623,369,0.623,488,279,4,0.24015600000000004,0.02236505867014342,0.75,0.7395,986,0.75,8,603
248,1,1,768,1,6,217,8,6,232,0,0,0,612,380,0.612,468,300,6,0.243936,0.0226875,0.75,0.7395,986,0.75,8,603
249,1,1,769,1,6,216,8,6,231,0,0,0,609,383,0.609,474,295,3,0.24334800000000004,0.022603381014304293,0.75,0.7395,986,0.75,8,603
250,1,1,769,1,5,217,8,5,231,0,0,1,634,358,0.634,497,272,2,0.23948400000000006,0.022244473342002604,0.75,0.74025,987,0.75,8,603
251,1,1,769,1,4,218,8,4,231,0,0,1,620,372,0.62,480,289,2,0.24234000000000006,0.022509752925877768,0.75,0.741,988,0.75,8,603
252,1,1,768,1,3,220,8,3,232,1,0,2,605,387,0.605,464,304,3,0.24460800000000002,0.022750000000000003,0.75,0.74175,989,0.75,8,604
253,1,1,767,2,2,221,8,2,233,1,0,1,617,375,0.617,488,279,2,0.24015600000000004,0.02236505867014342,0.75,0.7425,990,0.75,8,605
254,1,1,768,3,1,220,8,1,232,1,0,1,603,389,0.603,470,298,0,0.24359999999999998,0.02265625,0.75,0.74325,991,0.75,8,606
255,1,1,770,2,2,218,8,2,230,0,0,0,586,406,0.586,452,318,1,0.24746400000000007,0.02295584415584416,0.75,0.7425,990,0.75,8,606
256,1,1,772,1,3,216,8,3,228,0,0,0,598,394,0.598,463,309,2,0.24645600000000004,0.022803108808290156,0.75,0.74175,989,0.75,8,606
257,1,1,773,0,4,215,8,4,227,0,0,0,637,355,0.637,488,285,4,0.24267600000000003,0.022424320827943083,0.75,0.741,988,0.75,8,606
258,1,1,775,0,4,213,8,4,225,0,0,0,640,352,0.64,501,274,3,0.24133200000000002,0.02224258064516129,0.75,0.741,988,0.75,8,606
259,1,1,775,0,4,213,8,4,225,0,0,0,627,365,0.627,489,286,2,0.24334799999999998,0.02242838709677419,0.75,0.741,988,0.75,8,606
260,1,1,775,0,4,213,8,4,225,0,0,0,601,391,0.601,469,306,2,0.24670799999999998,0.02273806451612903,0.75,0.741,988,0.75,8,606
261,1,1,777,0,4,211,8,4,223,0,0,0,626,366,0.626,491,286,2,0.243852,0.022416988416988415,0.75,0.741,988,0.75,8,606
262,1,1,777,1,4,210,8,4,223,1,0,0,636,356,0.636,495,282,2,0.24317999999999995,0.022355212355212352,0.75,0.741,988,0.75,8,607
263,1,1,776,2,4,210,8,4,224,1,0,0,663,329,0.663,510,266,1,0.24024000000000004,0.02211340206185567,0.75,0.741,988,0.75,8,608
264,1,1,776,2,4,210,8,4,224,0,0,0,642,350,0.642,496,280,2,0.242592,0.022329896907216495,0.75,0.741,988,0.75,8,608
265,1,1,779,2,4,207,8,4,221,0,0,0,609,383,0.609,482,297,1,0.24620400000000003,0.02257509627727856,0.75,0.741,988,0.75,8,608
266,1,1,780,2,3,207,8,3,220,0,0,1,621,371,0.621,494,286,1,0.24460800000000002,0.022400000000000003,0.75,0.74175,989,0.75,8,608
267,1,1,783,1,3,205,8,3,217,0,0,1,640,352,0.64,498,285,2,0.24519600000000003,0.022367816091954026,0.75,0.74175,989,0.75,8,608
268,1,1,783,0,4,205,8,4,217,0,0,0,625,367,0.625,500,283,2,0.24486000000000005,0.022337164750957858,0.75,0.741,988,0.75,8,608
269,1,1,782,2,4,204,8,4,218,2,0,0,633,359,0.633,493,289,4,0.24561600000000003,0.022434782608695653,0.75,0.741,988,0.75,8,610
270,1,1,785,2,4,201,8,4,215,0,0,0,630,362,0.63,493,292,3,0.24687600000000007,0.022463694267515925,0.75,0.741,988,0.75,8,610
271,1,1,786,1,5,200,8,5,214,0,0,0,616,376,0.616,489,297,2,0.247968,0.022534351145038167,0.75,0.74025,987,0.75,8,610
272,1,1,790,1,6,195,8,6,210,1,0,0,643,349,0.643,500,290,4,0.24780000000000002,0.02240506329113924,0.75,0.7395,986,0.75,8,611
273,1,1,789,2,4,197,8,4,211,1,0,2,612,380,0.612,482,307,1,0.2504040000000001,0.022669201520912553,0.75,0.741,988,0.75,8,612
274,1,1,791,1,5,195,8,5,209,0,0,0,627,365,0.627,498,293,4,0.24855600000000005,0.02244500632111252,0.75,0.74025,987,0.75,8,612
275,1,1,794,0,6,192,8,6,206,0,0,0,632,360,0.632,494,300,4,0.250488,0.022534005037783373,0.75,0.7395,986,0.75,8,612
276,1,1,796,0,6,190,8,6,204,0,0,0,634,358,0.634,510,286,2,0.24863999999999997,0.02231155778894472,0.75,0.7395,986,0.75,8,612
277,1,1,796,1,5,189,9,5,204,1,1,0,618,373,0.618,492,304,3,0.251664,0.02258291457286432,0.75,0.7395,986,0.75,9,613
278,1,1,797,1,5,188,9,5,203,0,0,0,628,363,0.628,501,296,2,0.25057199999999996,0.02245671267252195,0.75,0.7395,986,0.75,9,613
279,1,1,798,3,5,185,9,5,202,2,0,0,620,371,0.62,495,303,2,0.252,0.022556390977443608,0.75,0.7395,986,0.75,9,615
280,1,1,800,3,5,183,9,5,200,0,0,0,630,361,0.63,510,290,2,0.25032000000000004,0.02235,0.75,0.7395,986,0.75,9,615
281,1,1,801,3,5,182,9,5,199,1,0,1,647,344,0.647,528,273,4,0.24771600000000008,0.022089887640449443,0.75,0.7395,986,0.75,9,616
282,1,1,802,2,6,181,9,6,198,0,0,0,590,401,0.59,479,323,4,0.256368,0.02283291770573566,0.75,0.73875,985,0.75,9,616
283,1,1,800,2,6,183,9,6,200,2,0,2,585,406,0.585,475,325,4,0.25620000000000004,0.022875,0.75,0.73875,985,0.75,9,618
284,1,1,804,3,6,178,9,6,196,1,0,0,559,432,0.559,459,345,2,0.2605680000000001,0.023149253731343286,0.75,0.73875,985,0.75,9,619
285,1,1,804,3,6,178,9,6,196,1,0,1,563,428,0.563,460,344,4,0.2604,0.023134328358208958,0.75,0.73875,985,0.75,9,620
286,1,1,805,0,9,177,9,9,195,0,0,0,581,410,0.581,471,334,5,0.25897200000000004,0.022978881987577637,0.75,0.7365,982,0.75,9,620
287,1,1,807,0,8,176,9,8,193,0,0,1,621,370,0.621,515,292,5,0.2524200000000001,0.02234200743494424,0.75,0.73725,983,0.75,9,620
288,1,1,808,0,8,175,9,8,192,0,0,0,625,366,0.625,509,299,4,0.253848,0.02244059405940594,0.75,0.73725,983,0.75,9,620
289,1,1,809,0,8,174,9,8,191,0,0,0,607,384,0.607,496,313,4,0.256452,0.02264276885043263,0.75,0.73725,983,0.75,9,620
290,1,1,810,0,7,174,9,7,190,0,0,1,593,398,0.593,483,327,5,0.25905600000000006,0.022844444444444445,0.75,0.738,984,0.75,9,620
291,1,1,814,0,7,170,9,7,186,0,0,0,590,401,0.59,485,329,4,0.2604,0.02285012285012285,0.75,0.738,984,0.75,9,620
292,1,1,814,0,7,170,9,7,186,0,0,0,625,366,0.625,516,298,2,0.2551919999999999,0.02239312039312039,0.75,0.738,984,0.75,9,620
293,1,1,815,0,6,170,9,6,185,0,0,1,639,352,0.639,524,291,3,0.254268,0.022284662576687115,0.75,0.73875,985,0.75,9,620
294,1,1,816,1,4,170,9,4,184,1,0,2,606,385,0.606,504,312,2,0.258048,0.022588235294117645,0.75,0.74025,987,0.75,9,621
295,1,1,817,0,4,170,9,4,183,0,0,1,590,401,0.59,503,314,3,0.25863600000000003,0.02261199510403917,0.75,0.74025,987,0.75,9,621
296,1,1,819,0,4,168,9,4,181,0,0,0,618,373,0.618,519,300,2,0.25678799999999996,0.022395604395604393,0.75,0.74025,987,0.75,9,621
297,1,1,820,0,3,168,9,3,180,0,0,1,636,355,0.636,532,288,3,0.25502400000000003,0.022214634146341464,0.75,0.741,988,0.75,9,621
298,1,1,822,0,3,166,9,3,178,0,0,0,651,340,0.651,541,281,3,0.254352,0.022102189781021898,0.75,0.741,988,0.75,9,621
299,1,1,822,0,3,166,9,3,178,0,0,0,627,364,0.627,517,305,3,0.258384,0.02245255474452555,0.75,0.741,988,0.75,9,621
300,1,1,823,0,3,165,9,3,177,0,0,0,605,386,0.605,500,323,3,0.26166,0.022709599027946534,0.75,0.741,988,0.75,9,621
301,1,1,823,0,3,165,9,3,177,0,0,0,623,368,0.623,526,297,1,0.257292,0.02233049817739976,0.75,0.741,988,0.75,9,621
302,1,1,822,1,1,167,9,1,178,1,0,2,643,348,0.643,539,283,1,0.254688,0.02213138686131387,0.75,0.7425,990,0.75,9,622
303,1,1,826,0,2,163,9,2,174,0,0,0,616,375,0.616,511,315,2,0.26107199999999997,0.022576271186440677,0.75,0.74175,989,0.75,9,622
304,1,1,827,0,1,163,9,1,173,0,0,1,621,370,0.621,520,307,0,0.25998,0.022454655380894802,0.75,0.7425,990,0.75,9,622
305,1,1,827,0,1,163,9,1,173,0,0,0,604,387,0.604,507,320,0,0.262164,0.02264328899637243,0.75,0.7425,990,0.75,9,622
306,1,1,828,0,1,162,9,1,172,0,0,0,587,404,0.587,494,334,0,0.264768,0.022840579710144925,0.75,0.7425,990,0.75,9,622
307,1,1,830,0,1,160,9,1,170,0,0,0,602,389,0.602,506,324,0,0.263592,0.02268433734939759,0.75,0.7425,990,0.75,9,622
308,1,1,832,1,1,157,9,1,168,1,0,0,597,394,0.597,501,331,0,0.265272,0.022774038461538464,0.75,0.7425,990,0.75,9,623
309,1,1,834,1,1,155,9,1,166,0,0,0,608,383,0.608,525,309,1,0.26208,0.022446043165467625,0.75,0.7425,990,0.75,9,623
310,1,1,834,0,2,155,9,2,166,0,0,0,638,353,0.638,548,286,2,0.25821600000000006,0.02211510791366907,0.75,0.74175,989,0.75,9,623
311,1,1,833,1,1,156,9,1,167,1,0,1,599,392,0.599,512,321,1,0.26384399999999997,0.02262424969987995,0.75,0.7425,990,0.75,9,624
312,1,1,834,1,1,155,9,1,166,0,0,0,591,400,0.591,502,332,1,0.26594400000000007,0.02277697841726619,0.75,0.7425,990,0.75,9,624
313,1,1,834,2,1,154,9,1,166,1,0,0,616,375,0.616,519,315,1,0.263088,0.022532374100719423,0.75,0.7425,990,0.75,9,625
314,1,1,833,1,3,154,9,3,167,1,0,0,628,363,0.628,533,300,2,0.26031600000000005,0.022321728691476594,0.75,0.741,988,0.75,9,626
315,1,1,835,1,3,152,9,3,165,0,0,0,638,353,0.638,539,296,3,0.260148,0.022253892215568862,0.75,0.741,988,0.75,9,626
316,1,1,835,0,4,152,9,4,165,0,0,0,625,366,0.625,518,317,4,0.263676,0.02255568862275449,0.75,0.74025,987,0.75,9,626
317,1,1,837,0,4,150,9,4,163,0,0,0,611,380,0.611,519,318,3,0.264348,0.022559139784946235,0.75,0.74025,987,0.75,9,626
318,1,1,838,0,4,149,9,4,162,0,0,0,610,381,0.61,515,323,3,0.26544,0.02262529832935561,0.75,0.74025,987,0.75,9,626
319,1,1,839,0,4,148,9,4,161,0,0,0,631,360,0.631,542,297,3,0.261324,0.022247914183551848,0.75,0.74025,987,0.75,9,626
320,1,1,839,0,4,148,9,4,161,0,0,0,630,361,0.63,550,289,3,0.25998,0.022133492252681766,0.75,0.74025,987,0.75,9,626
321,1,1,841,0,4,146,9,4,159,0,0,0,633,358,0.633,546,295,3,0.261492,0.022209274673008324,0.75,0.74025,987,0.75,9,626
322,1,1,842,0,4,145,9,4,158,0,0,0,601,390,0.601,521,321,4,0.266112,0.022574821852731592,0.75,0.74025,987,0.75,9,626
323,1,1,845,0,3,143,9,3,155,0,0,1,597,394,0.597,514,331,2,0.268548,0.02270059171597633,0.75,0.741,988,0.75,9,626
324,1,1,846,0,3,142,9,3,154,0,0,0,628,363,0.628,537,309,2,0.265104,0.022382978723404254,0.75,0.741,988,0.75,9,626
325,1,1,849,0,3,139,9,3,151,0,0,0,627,364,0.627,535,314,1,0.26669999999999994,0.022438162544169606,0.75,0.741,988,0.75,9,626
326,1,1,849,0,3,139,9,3,151,0,0,0,628,363,0.628,543,306,1,0.265356,0.022325088339222615,0.75,0.741,988,0.75,9,626
327,1,1,851,0,2,138,9,2,149,0,0,1,645,346,0.645,556,295,0,0.264012,0.022159811985898944,0.75,0.74175,989,0.75,9,626
328,1,1,853,0,1,137,9,1,147,0,0,1,644,347,0.644,545,308,1,0.26670000000000005,0.022332942555685815,0.75,0.7425,990,0.75,9,626
329,1,1,853,0,1,137,9,1,147,0,0,0,638,353,0.638,548,305,1,0.26619600000000004,0.022290738569753814,0.75,0.7425,990,0.75,9,626
330,1,1,854,1,0,136,9,0,146,1,0,1,613,378,0.613,521,333,0,0.271152,0.022679156908665107,0.75,0.74325,991,0.75,9,627
331,1,1,855,1,0,135,9,0,145,0,0,0,619,372,0.619,530,325,0,0.27005999999999997,0.022561403508771928,0.75,0.74325,991,0.75,9,627
332,1,1,858,1,0,132,9,0,142,0,0,0,623,368,0.623,538,320,0,0.26997600000000005,0.022475524475524478,0.75,0.74325,991,0.75,9,627
333,1,1,858,1,1,131,9,1,142,1,0,0,584,407,0.584,505,353,1,0.27552,0.022937062937062935,0.75,0.7425,990,0.75,9,628
334,1,1,860,0,2,129,9,2,140,0,0,0,607,384,0.607,523,337,2,0.2733360000000001,0.02270232558139535,0.75,0.74175,989,0.75,9,628
335,1,1,859,1,2,129,9,2,141,1,0,0,632,359,0.632,542,317,2,0.269724,0.022428405122235155,0.75,0.74175,989,0.75,9,629
336,1,1,861,1,2,127,9,2,139,0,0,0,622,369,0.622,534,327,1,0.2719079999999999,0.0225574912891986,0.75,0.74175,989,0.75,9,629
337,1,1,862,1,2,126,9,2,138,0,0,0,637,354,0.637,550,312,2,0.26964,0.022343387470997678,0.75,0.74175,989,0.75,9,629
338,1,1,863,1,2,125,9,2,137,0,0,0,611,380,0.611,531,332,2,0.27325200000000005,0.022616454229432214,0.75,0.74175,989,0.75,9,629
339,1,1,864,0,3,124,9,3,136,0,0,0,623,368,0.623,543,321,3,0.271656,0.022458333333333334,0.75,0.741,988,0.75,9,629
340,1,1,864,0,3,124,9,3,136,0,0,0,648,343,0.648,568,296,1,0.267456,0.02211111111111111,0.75,0.741,988,0.75,9,629
341,1,1,864,0,3,124,9,3,136,0,0,0,632,359,0.632,543,321,2,0.271656,0.022458333333333334,0.75,0.741,988,0.75,9,629
342,1,1,865,0,2,124,9,2,135,0,0,1,643,348,0.643,555,310,2,0.27006,0.02230057803468208,0.75,0.74175,989,0.75,9,629
343,1,1,866,0,2,123,9,2,134,0,0,0,618,373,0.618,541,325,2,0.272832,0.022503464203233257,0.75,0.74175,989,0.75,9,629
344,1,1,866,0,2,123,9,2,134,0,0,0,611,380,0.611,528,338,1,0.27501600000000004,0.02268360277136259,0.75,0.74175,989,0.75,9,629
345,1,1,867,0,2,122,9,2,133,0,0,0,606,385,0.606,528,339,1,0.275436,0.02269204152249135,0.75,0.74175,989,0.75,9,629
346,1,1,867,0,2,122,9,2,133,0,0,0,614,377,0.614,535,332,2,0.27426,0.02259515570934256,0.75,0.74175,989,0.75,9,629
347,1,1,867,0,0,124,9,0,133,0,0,2,615,376,0.615,529,338,0,0.275268,0.02267820069204152,0.75,0.74325,991,0.75,9,629
