day,action,lockdown_level,S,E,I,R,D,Active,Total_Ever_Infected,new_infections,new_deaths,new_recoveries,A,U,rho_A,AS,US,AI,R_eff,beta_avg,base_economy,adjusted_economy,workforce_alive,transmission_multiplier,cumulative_deaths,cumulative_infections
1,0,0,984,12,4,0,0,4,16,1,0,0,19,981,0.019,15,969,4,0.54852,0.03981707317073171,1.0,0.996,0.996,1.0,0,1
2,0,0,984,9,7,0,0,7,16,0,0,0,48,952,0.048,42,942,6,0.543984,0.03948780487804878,1.0,0.993,0.993,1.0,0,1
3,0,0,981,10,9,0,0,9,19,3,0,0,112,888,0.112,105,876,6,0.5317200000000001,0.03871559633027523,1.0,0.991,0.991,1.0,0,4
4,0,0,979,9,12,0,0,12,21,2,0,0,203,797,0.203,194,785,8,0.515648,0.0376220633299285,1.0,0.988,0.988,1.0,0,6
5,0,0,976,8,16,0,0,16,24,3,0,0,346,654,0.346,333,643,11,0.4906159999999999,0.03590573770491803,1.0,0.984,0.984,1.0,0,9
6,0,0,975,6,19,0,0,19,25,1,0,0,531,469,0.531,516,459,13,0.45931200000000005,0.03364923076923077,1.0,0.981,0.981,1.0,0,10
7,0,0,972,7,21,0,0,21,28,3,0,0,609,391,0.609,591,381,16,0.445032,0.0327037037037037,1.0,0.979,0.979,1.0,0,13
8,0,0,966,11,23,0,0,23,34,6,0,0,712,288,0.712,687,279,18,0.42554400000000003,0.03146583850931677,1.0,0.977,0.977,1.0,0,19
9,0,0,964,10,26,0,0,26,36,2,0,0,714,286,0.714,690,274,19,0.42392,0.03141078838174274,1.0,0.974,0.974,1.0,0,21
10,0,0,963,5,31,1,0,31,37,1,0,1,703,297,0.703,675,288,25,0.42588,0.03158878504672897,1.0,0.969,0.969,1.0,0,22
11,0,0,960,6,29,5,0,29,40,3,0,4,690,310,0.69,661,299,23,0.42655200000000004,0.0317375,1.0,0.971,0.971,1.0,0,25
12,0,0,948,15,32,5,0,32,52,12,0,0,712,288,0.712,668,280,28,0.4186560000000001,0.03154430379746836,1.0,0.968,0.968,1.0,0,37
13,0,0,939,20,36,5,0,36,61,9,0,0,715,285,0.715,671,268,26,0.4131120000000001,0.03142492012779553,1.0,0.964,0.964,1.0,0,46
14,0,0,931,23,40,6,0,40,69,8,0,1,734,266,0.734,678,253,33,0.40745600000000004,0.031261009667024706,1.0,0.96,0.96,1.0,0,54
15,0,0,926,21,47,6,0,47,74,6,0,1,738,262,0.738,681,245,36,0.40415200000000007,0.031174946004319658,1.0,0.953,0.953,1.0,0,60
16,0,0,918,23,52,7,0,52,82,8,0,1,728,272,0.728,664,254,40,0.402528,0.031320261437908496,1.0,0.948,0.948,1.0,0,68
17,0,0,913,23,55,9,0,55,87,5,0,2,762,238,0.762,692,221,44,0.39502400000000004,0.030904709748083244,1.0,0.945,0.945,1.0,0,73
18,0,0,903,24,62,11,0,62,97,10,0,2,752,248,0.752,672,231,52,0.39278399999999997,0.031069767441860463,1.0,0.938,0.938,1.0,0,83
19,0,0,894,23,66,17,0,66,106,9,0,6,763,237,0.763,676,218,55,0.3870720000000001,0.0309261744966443,1.0,0.934,0.934,1.0,0,92
20,0,0,890,22,69,19,0,69,110,4,0,2,737,263,0.737,654,236,54,0.388528,0.03118202247191011,1.0,0.931,0.931,1.0,0,96
21,0,0,874,30,72,24,0,72,126,16,0,5,739,261,0.739,646,228,56,0.3809120000000001,0.0311304347826087,1.0,0.928,0.928,1.0,0,112
22,0,0,865,27,80,28,0,80,135,9,0,4,723,277,0.723,628,237,60,0.378896,0.0312878612716763,1.0,0.92,0.92,1.0,0,121
23,0,0,860,21,85,34,0,85,140,5,0,6,738,262,0.738,627,233,73,0.376264,0.03125116279069767,1.0,0.915,0.915,1.0,0,126
24,0,0,853,19,89,39,0,89,147,7,0,5,724,276,0.724,614,239,69,0.374528,0.03136225087924971,1.0,0.911,0.911,1.0,0,133
25,0,0,836,32,88,43,1,88,164,18,1,5,730,269,0.73,606,230,67,0.366352,0.031301435406698566,1.0,0.911,0.911,1.0,1,151
26,0,0,828,31,95,45,1,95,172,9,0,3,732,267,0.732,607,221,71,0.36170399999999997,0.031202898550724636,1.0,0.904,0.904,1.0,1,160
27,0,0,818,28,103,50,1,103,182,10,0,5,733,266,0.733,593,225,87,0.35845599999999994,0.031300733496332514,1.0,0.896,0.896,1.0,1,170
28,0,0,806,37,102,54,1,102,194,13,0,5,752,247,0.752,605,201,80,0.3497200000000001,0.030992555831265513,1.0,0.897,0.897,1.0,1,183
29,0,0,793,37,113,56,1,113,207,13,0,2,737,262,0.737,584,209,85,0.345968,0.031162673392181584,1.0,0.886,0.886,1.0,1,196
30,0,0,784,32,121,62,1,121,216,9,0,6,763,236,0.763,592,192,96,0.339584,0.030938775510204082,1.0,0.878,0.878,1.0,1,205
31,0,0,764,38,128,69,1,128,236,21,0,8,783,216,0.783,589,175,108,0.32888799999999996,0.030748691099476436,1.0,0.871,0.871,1.0,1,226
32,0,0,755,39,126,79,1,126,245,10,0,11,747,252,0.747,558,197,104,0.32905599999999996,0.031131125827814566,1.0,0.873,0.873,1.0,1,236
33,0,0,735,47,126,91,1,126,265,21,0,13,763,236,0.763,557,178,95,0.31802400000000003,0.030906122448979594,1.0,0.873,0.873,1.0,1,257
34,0,0,728,43,135,93,1,135,272,10,0,5,753,246,0.753,551,177,104,0.31511199999999995,0.030917582417582416,1.0,0.864,0.864,1.0,1,267
35,0,0,716,40,141,102,1,141,284,13,0,10,745,254,0.745,538,178,105,0.31057599999999996,0.030983240223463684,1.0,0.858,0.858,1.0,1,280
36,0,0,702,41,145,111,1,145,298,15,0,10,742,257,0.742,523,179,108,0.30525599999999997,0.03105982905982906,1.0,0.854,0.854,1.0,1,295
37,0,0,697,38,144,120,1,144,303,6,0,10,728,271,0.728,508,189,102,0.30497599999999997,0.031253945480631276,1.0,0.855,0.855,1.0,1,301
38,0,0,686,38,147,128,1,147,314,13,0,10,727,272,0.727,503,183,106,0.29965600000000003,0.03120116618075802,1.0,0.852,0.852,1.0,1,314
39,0,0,676,39,144,140,1,144,324,12,0,14,745,254,0.745,507,169,107,0.29338400000000003,0.031,1.0,0.855,0.855,1.0,1,326
40,0,0,663,41,150,145,1,150,337,16,0,8,724,275,0.724,481,182,113,0.29047200000000006,0.031294117647058826,1.0,0.849,0.849,1.0,1,342
41,0,0,650,37,157,155,1,157,350,13,0,10,748,251,0.748,488,162,120,0.282016,0.030990769230769228,1.0,0.842,0.842,1.0,1,355
42,0,0,639,36,163,160,2,163,361,12,1,6,768,230,0.768,491,148,122,0.275352,0.030779342723004692,1.0,0.835,0.835,1.0,2,367
43,0,0,625,43,167,163,2,167,375,17,0,6,750,248,0.75,466,159,125,0.27171200000000006,0.031052800000000002,1.0,0.831,0.831,1.0,2,384
44,0,0,607,51,171,169,2,171,393,20,0,8,720,278,0.72,435,172,126,0.26684,0.0314003294892916,1.0,0.827,0.827,1.0,2,404
45,0,0,594,46,178,180,2,178,406,14,0,12,742,256,0.742,444,150,123,0.258048,0.03103030303030303,1.0,0.82,0.82,1.0,2,418
46,0,0,586,45,179,188,2,179,414,11,0,11,739,259,0.739,443,143,130,0.25373599999999996,0.03092832764505119,1.0,0.819,0.819,1.0,2,429
47,0,0,572,44,178,204,2,178,428,15,0,17,741,257,0.741,429,143,134,0.24824799999999997,0.031,1.0,0.82,0.82,1.0,2,444
48,0,0,556,44,186,212,2,186,444,18,0,10,746,252,0.746,411,145,148,0.24231200000000003,0.031129496402877696,1.0,0.812,0.812,1.0,2,462
49,0,0,539,46,185,227,3,185,461,18,1,16,717,280,0.717,388,151,142,0.23665600000000003,0.03136178107606679,1.0,0.812,0.812,1.0,3,480
50,0,0,518,54,182,243,3,182,482,21,0,16,758,239,0.758,394,124,151,0.223888,0.030872586872586868,1.0,0.815,0.815,1.0,3,501
51,0,0,511,47,186,253,3,186,489,8,0,11,725,272,0.725,368,143,147,0.22433599999999995,0.03135812133072406,1.0,0.811,0.811,1.0,3,509
52,0,0,503,31,196,267,3,196,497,10,0,16,770,227,0.77,395,108,157,0.21532000000000004,0.0305765407554672,1.0,0.801,0.801,1.0,3,519
53,0,0,494,28,194,280,4,194,506,10,1,14,750,246,0.75,368,126,152,0.21481599999999995,0.031060728744939266,1.0,0.802,0.802,1.0,4,529
54,0,0,478,37,184,296,5,184,522,18,1,18,732,263,0.732,357,121,143,0.207704,0.031037656903765688,1.0,0.811,0.811,1.0,5,547
55,0,0,466,41,187,301,5,187,534,15,0,8,744,251,0.744,351,115,150,0.20199200000000003,0.03096137339055794,1.0,0.808,0.808,1.0,5,562
56,0,0,456,40,183,316,5,183,544,11,0,16,760,235,0.76,361,95,141,0.19471200000000005,0.030500000000000003,1.0,0.812,0.812,1.0,5,573
57,0,0,447,37,187,323,6,187,553,12,1,10,797,197,0.797,365,82,143,0.18900000000000003,0.030201342281879196,1.0,0.807,0.807,1.0,6,585
58,0,0,438,33,182,341,6,182,562,10,0,19,755,239,0.755,341,97,141,0.18799200000000002,0.030657534246575344,1.0,0.812,0.812,1.0,6,595
59,0,0,433,34,170,356,7,170,567,6,1,16,773,220,0.773,349,84,128,0.183848,0.030327944572748268,1.0,0.823,0.823,1.0,7,601
60,0,0,424,28,172,369,7,172,576,14,0,18,765,228,0.765,336,88,131,0.180992,0.030490566037735846,1.0,0.821,0.821,1.0,7,615
61,0,0,414,27,175,376,8,175,586,11,1,8,745,247,0.745,314,100,134,0.179088,0.03089855072463768,1.0,0.817,0.817,1.0,8,626
62,0,0,408,28,166,390,8,166,592,9,0,17,751,241,0.751,302,106,128,0.17774399999999999,0.031117647058823528,1.0,0.826,0.826,1.0,8,635
63,0,0,404,27,158,403,8,158,596,7,0,16,741,251,0.741,299,105,121,0.176008,0.031118811881188115,1.0,0.834,0.834,1.0,8,642
64,0,0,401,22,152,417,8,152,599,4,0,15,725,267,0.725,293,108,113,0.17533600000000005,0.03123192019950125,1.0,0.84,0.84,1.0,8,646
65,0,0,398,17,149,428,8,149,602,4,0,12,737,255,0.737,296,102,119,0.17315200000000003,0.03107537688442211,1.0,0.843,0.843,1.0,8,650
66,0,0,397,20,137,438,8,137,603,8,0,17,738,254,0.738,299,98,103,0.17208800000000002,0.030962216624685138,1.0,0.855,0.855,1.0,8,658
67,0,0,395,16,140,441,8,140,605,7,0,8,734,258,0.734,293,102,108,0.17197600000000002,0.031098734177215193,1.0,0.852,0.852,1.0,8,665
68,0,0,394,15,137,445,9,137,606,6,1,9,751,240,0.751,303,91,108,0.16973600000000003,0.030771573604060916,1.0,0.854,0.854,1.0,9,671
69,0,0,387,21,132,451,9,132,613,10,0,9,743,248,0.743,287,100,96,0.16850400000000001,0.03110077519379845,1.0,0.859,0.859,1.0,9,681
70,0,0,389,19,118,465,9,118,611,4,0,20,741,250,0.741,288,101,82,0.16945600000000002,0.03111568123393316,1.0,0.873,0.873,1.0,9,685
71,0,0,390,13,113,474,10,113,610,2,1,12,715,275,0.715,278,112,80,0.17169600000000002,0.031446153846153846,1.0,0.877,0.877,1.0,10,687
72,0,0,388,16,107,479,10,107,612,6,0,9,742,248,0.742,292,96,77,0.16822399999999996,0.030969072164948448,1.0,0.883,0.883,1.0,10,693
73,0,0,388,11,105,486,10,105,612,3,0,10,732,258,0.732,296,92,81,0.167552,0.030845360824742266,1.0,0.885,0.885,1.0,10,696
74,0,0,384,14,101,491,10,101,616,8,0,9,735,255,0.735,291,93,75,0.16615200000000002,0.03090625,1.0,0.889,0.889,1.0,10,704
75,0,0,385,11,87,507,10,87,615,2,0,19,735,255,0.735,278,107,66,0.16889600000000005,0.03133506493506494,1.0,0.903,0.903,1.0,10,706
76,0,0,386,13,76,514,11,76,614,3,1,11,745,244,0.745,287,99,57,0.167944,0.031077720207253884,1.0,0.913,0.913,1.0,11,709
77,0,0,384,14,76,514,12,76,616,6,1,4,753,235,0.753,297,87,61,0.165144,0.03071875,1.0,0.912,0.912,1.0,12,715
78,0,0,388,14,70,516,12,70,612,2,0,8,746,242,0.746,290,98,50,0.16856000000000002,0.03103092783505155,1.0,0.918,0.918,1.0,12,717
79,0,0,386,12,68,522,12,68,614,5,0,9,741,247,0.741,286,100,51,0.168112,0.03110880829015544,1.0,0.92,0.92,1.0,12,722
80,0,0,389,9,64,526,12,64,611,1,0,8,706,282,0.706,267,122,49,0.17298399999999997,0.03176349614395886,1.0,0.924,0.924,1.0,12,723
81,0,0,392,8,57,531,12,57,608,2,0,10,707,281,0.707,272,120,46,0.173824,0.0316734693877551,1.0,0.931,0.931,1.0,12,725
82,0,0,394,6,55,533,12,55,606,2,0,6,744,244,0.744,287,107,47,0.172424,0.03125888324873096,1.0,0.933,0.933,1.0,12,727
83,0,0,396,3,54,535,12,54,604,0,0,4,742,246,0.742,299,97,43,0.17152799999999999,0.030939393939393937,1.0,0.934,0.934,1.0,12,727
84,0,0,397,4,49,538,12,49,603,1,0,5,727,261,0.727,300,97,38,0.17192000000000002,0.030931989924433252,1.0,0.939,0.939,1.0,12,728
85,0,0,400,4,47,537,12,47,600,2,0,4,724,264,0.724,293,107,38,0.17477600000000004,0.031210000000000005,1.0,0.941,0.941,1.0,12,730
86,0,0,403,5,42,538,12,42,597,3,0,7,693,295,0.693,270,133,34,0.18032000000000004,0.031960297766749385,1.0,0.946,0.946,1.0,12,733
87,0,0,402,4,40,542,12,40,598,2,0,5,742,246,0.742,297,105,32,0.175224,0.03113432835820895,1.0,0.948,0.948,1.0,12,735
88,0,0,404,4,34,545,13,34,596,1,1,6,721,266,0.721,296,108,24,0.17651200000000003,0.031207920792079208,1.0,0.953,0.953,1.0,13,736
89,0,0,408,5,32,542,13,32,592,3,0,4,710,277,0.71,294,114,22,0.179088,0.03135294117647059,1.0,0.955,0.955,1.0,13,739
90,0,0,411,4,31,540,14,31,589,1,1,2,710,276,0.71,294,117,23,0.18076799999999998,0.03141605839416058,1.0,0.955,0.955,1.0,14,740
91,0,0,411,4,30,541,14,30,589,2,0,3,751,235,0.751,312,99,25,0.17774399999999996,0.030890510948905103,1.0,0.956,0.956,1.0,14,742
92,0,0,420,1,31,534,14,31,580,0,0,2,733,253,0.733,308,112,24,0.18345600000000004,0.031200000000000002,1.0,0.955,0.955,1.0,14,742
93,0,0,423,2,28,533,14,28,577,1,0,3,698,288,0.698,301,122,20,0.18631199999999998,0.03146099290780142,1.0,0.958,0.958,1.0,14,743
94,0,0,428,2,27,529,14,27,572,1,0,2,695,291,0.695,293,135,22,0.19045600000000001,0.031785046728971963,1.0,0.959,0.959,1.0,14,744
95,0,0,432,1,27,526,14,27,568,0,0,1,701,285,0.701,295,137,20,0.19236000000000003,0.03180555555555556,1.0,0.959,0.959,1.0,14,744
96,0,0,434,1,22,529,14,22,566,0,0,5,712,274,0.712,307,127,11,0.191464,0.03151152073732719,1.0,0.964,0.964,1.0,14,744
97,0,0,437,1,21,527,14,21,563,1,0,2,714,272,0.714,324,113,13,0.19028799999999998,0.031102974828375284,1.0,0.965,0.965,1.0,14,745
98,0,0,441,1,20,523,15,20,559,0,1,0,705,280,0.705,316,125,12,0.19387200000000002,0.03140136054421769,1.0,0.965,0.965,1.0,15,745
99,0,0,444,3,18,520,15,18,556,2,0,2,704,281,0.704,325,119,9,0.19404000000000002,0.031216216216216217,1.0,0.967,0.967,1.0,15,747
100,0,0,445,3,17,520,15,17,555,2,0,3,691,294,0.691,313,132,9,0.196616,0.03155955056179775,1.0,0.968,0.968,1.0,15,749
101,0,0,447,1,18,519,15,18,553,0,0,1,698,287,0.698,317,130,11,0.19706400000000002,0.03148993288590604,1.0,0.967,0.967,1.0,15,749
102,0,0,446,3,14,522,15,14,554,2,0,4,737,248,0.737,333,113,12,0.19381600000000004,0.031040358744394623,1.0,0.971,0.971,1.0,15,751
103,0,0,448,4,14,519,15,14,552,3,0,2,738,247,0.738,329,119,11,0.195608,0.0311875,1.0,0.971,0.971,1.0,15,754
104,0,0,449,2,15,519,15,15,551,0,0,1,734,251,0.734,332,117,14,0.195664,0.031126948775055677,1.0,0.97,0.97,1.0,15,754
105,0,0,455,1,15,514,15,15,545,1,0,2,751,234,0.751,349,106,15,0.19616800000000004,0.030795604395604397,1.0,0.97,0.97,1.0,15,755
106,0,0,453,4,14,514,15,14,547,3,0,1,741,244,0.741,344,109,11,0.19588800000000003,0.03088741721854305,1.0,0.971,0.971,1.0,15,758
107,0,0,456,4,14,511,15,14,544,0,0,0,723,262,0.723,336,120,12,0.198912,0.031157894736842103,1.0,0.971,0.971,1.0,15,758
108,0,0,458,2,14,511,15,14,542,0,0,2,720,265,0.72,323,135,12,0.20221600000000003,0.031537117903930136,1.0,0.971,0.971,1.0,15,758
109,0,0,460,0,16,509,15,16,540,0,0,0,687,298,0.687,328,132,13,0.20249599999999998,0.03144347826086956,1.0,0.969,0.969,1.0,15,758
110,0,0,464,1,14,506,15,14,536,1,0,2,672,313,0.672,315,149,11,0.20692000000000002,0.03185344827586207,1.0,0.971,0.971,1.0,15,759
111,0,0,468,1,14,502,15,14,532,0,0,0,721,264,0.721,341,127,11,0.20479200000000003,0.03125641025641026,1.0,0.971,0.971,1.0,15,759
112,0,0,469,3,12,501,15,12,531,2,0,2,698,287,0.698,337,132,9,0.20602400000000004,0.031377398720682306,1.0,0.973,0.973,1.0,15,761
113,0,0,469,4,12,500,15,12,531,2,0,1,721,264,0.721,349,120,11,0.204008,0.031070362473347546,1.0,0.973,0.973,1.0,15,763
114,0,0,470,2,12,501,15,12,530,0,0,2,707,278,0.707,358,112,10,0.20305600000000001,0.030859574468085106,1.0,0.973,0.973,1.0,15,763
115,0,0,473,2,11,499,15,11,527,0,0,1,686,299,0.686,354,119,8,0.20540799999999998,0.03101902748414376,1.0,0.974,0.974,1.0,15,763
116,0,0,476,1,11,497,15,11,524,0,0,1,682,303,0.682,347,129,10,0.208264,0.03125210084033613,1.0,0.974,0.974,1.0,15,763
117,0,0,479,2,9,495,15,9,521,1,0,2,696,289,0.696,352,127,8,0.209104,0.031181628392484343,1.0,0.976,0.976,1.0,15,764
118,0,0,482,0,11,492,15,11,518,0,0,0,711,274,0.711,354,128,11,0.21044800000000002,0.031186721991701246,1.0,0.974,0.974,1.0,15,764
119,0,0,487,0,10,488,15,10,513,0,0,1,699,286,0.699,357,130,10,0.212744,0.031203285420944554,1.0,0.975,0.975,1.0,15,764
120,0,0,490,0,10,485,15,10,510,0,0,0,716,269,0.716,364,126,7,0.213248,0.031085714285714286,1.0,0.975,0.975,1.0,15,764
121,0,0,491,1,9,484,15,9,509,1,0,1,685,300,0.685,343,148,6,0.217336,0.031617107942973524,1.0,0.976,0.976,1.0,15,765
122,0,0,495,1,8,481,15,8,505,0,0,1,705,280,0.705,372,123,6,0.214704,0.03098181818181818,1.0,0.977,0.977,1.0,15,765
123,0,0,498,0,8,479,15,8,502,0,0,1,715,270,0.715,362,136,7,0.21806400000000004,0.03127710843373494,1.0,0.977,0.977,1.0,15,765
124,0,0,501,0,6,478,15,6,499,0,0,2,699,286,0.699,372,129,4,0.218064,0.031089820359281435,1.0,0.979,0.979,1.0,15,765
125,0,0,503,0,5,477,15,5,497,0,0,1,706,279,0.706,384,119,4,0.21716799999999997,0.030838966202783296,1.0,0.98,0.98,1.0,15,765
126,0,0,508,1,4,472,15,4,492,1,0,1,723,262,0.723,390,118,4,0.21896000000000002,0.030787401574803152,1.0,0.981,0.981,1.0,15,766
127,0,0,509,1,3,472,15,3,491,0,0,1,740,245,0.74,396,113,3,0.218512,0.030664047151277015,1.0,0.982,0.982,1.0,15,766
128,0,0,513,1,4,467,15,4,487,1,0,0,734,251,0.734,395,118,3,0.22092000000000003,0.030760233918128658,1.0,0.981,0.981,1.0,15,767
129,0,0,516,1,3,465,15,3,484,0,0,1,728,257,0.728,387,129,3,0.223944,0.030999999999999996,1.0,0.982,0.982,1.0,15,767
130,0,0,518,0,4,463,15,4,482,0,0,0,716,269,0.716,387,131,4,0.22506400000000007,0.031034749034749037,1.0,0.981,0.981,1.0,15,767
131,0,0,523,0,3,459,15,3,477,0,0,1,712,273,0.712,393,130,2,0.226856,0.030982791586998088,1.0,0.982,0.982,1.0,15,767
132,0,0,528,0,3,454,15,3,472,0,0,0,726,259,0.726,400,128,2,0.22848000000000002,0.03090909090909091,1.0,0.982,0.982,1.0,15,767
133,0,0,529,2,3,451,15,3,471,2,0,0,732,253,0.732,397,132,3,0.22954400000000003,0.030994328922495276,1.0,0.982,0.982,1.0,15,769
134,0,0,531,2,2,450,15,2,469,0,0,1,716,269,0.716,386,145,1,0.23251200000000002,0.031276836158192094,1.0,0.983,0.983,1.0,15,769
135,0,0,534,2,2,447,15,2,466,0,0,0,722,263,0.722,400,134,2,0.23184000000000007,0.031011235955056185,1.0,0.983,0.983,1.0,15,769
136,0,0,538,3,2,442,15,2,462,1,0,0,717,268,0.717,403,135,1,0.23357599999999998,0.031011152416356873,1.0,0.983,0.983,1.0,15,770
137,0,0,542,1,4,438,15,4,458,0,0,0,725,260,0.725,413,129,2,0.23413599999999996,0.030856088560885602,1.0,0.981,0.981,1.0,15,770
138,0,0,547,2,4,432,15,4,453,1,0,0,716,269,0.716,410,137,4,0.23744000000000004,0.0310054844606947,1.0,0.981,0.981,1.0,15,771
139,0,0,551,2,3,429,15,3,449,0,0,1,686,299,0.686,385,166,3,0.24388000000000007,0.031615245009074415,1.0,0.982,0.982,1.0,15,771
140,0,0,556,2,3,424,15,3,444,0,0,0,664,321,0.664,390,166,2,0.2458400000000001,0.03158273381294965,1.0,0.982,0.982,1.0,15,771
141,0,0,561,0,5,419,15,5,439,0,0,0,685,300,0.685,393,168,3,0.24813600000000002,0.03159358288770053,1.0,0.98,0.98,1.0,15,771
142,0,0,565,0,5,415,15,5,435,0,0,0,688,297,0.688,405,160,3,0.24836,0.03139823008849558,1.0,0.98,0.98,1.0,15,771
143,0,0,567,0,5,413,15,5,433,0,0,0,710,275,0.71,411,156,2,0.24847199999999997,0.031301587301587296,1.0,0.98,0.98,1.0,15,771
144,0,0,570,0,5,410,15,5,430,0,0,0,711,274,0.711,423,147,3,0.24813599999999997,0.031094736842105262,1.0,0.98,0.98,1.0,15,771
145,0,0,572,1,4,408,15,4,428,1,0,1,718,267,0.718,421,151,2,0.249592,0.031167832167832168,1.0,0.981,0.981,1.0,15,772
146,0,0,573,0,4,408,15,4,427,0,0,1,707,278,0.707,423,150,2,0.24981599999999998,0.031141361256544504,1.0,0.981,0.981,1.0,15,772
147,0,0,576,1,4,404,15,4,424,1,0,0,717,268,0.717,429,147,3,0.250488,0.0310625,1.0,0.981,0.981,1.0,15,773
148,0,0,580,1,4,400,15,4,420,0,0,0,735,250,0.735,439,141,3,0.251048,0.03091724137931034,1.0,0.981,0.981,1.0,15,773
149,0,0,583,2,4,396,15,4,417,1,0,0,731,254,0.731,446,137,3,0.251552,0.030819897084048028,1.0,0.981,0.981,1.0,15,774
150,0,0,585,2,4,394,15,4,415,0,0,0,717,268,0.717,434,151,2,0.254688,0.031097435897435896,1.0,0.981,0.981,1.0,15,774
151,0,0,586,2,4,393,15,4,414,1,0,1,724,261,0.724,432,154,3,0.25558400000000003,0.031153583617747442,1.0,0.981,0.981,1.0,15,775
152,0,0,589,1,4,391,15,4,411,0,0,1,747,238,0.747,456,133,3,0.253232,0.03070967741935484,1.0,0.981,0.981,1.0,15,775
153,0,0,591,1,4,389,15,4,409,0,0,0,736,249,0.736,448,143,3,0.255696,0.030903553299492386,1.0,0.981,0.981,1.0,15,775
154,0,0,594,1,4,386,15,4,406,0,0,0,728,257,0.728,443,151,3,0.258216,0.03105050505050505,1.0,0.981,0.981,1.0,15,775
155,0,0,596,1,4,384,15,4,404,0,0,0,756,229,0.756,463,133,3,0.255976,0.030677852348993288,1.0,0.981,0.981,1.0,15,775
156,0,0,598,0,4,383,15,4,402,0,0,1,736,249,0.736,453,145,3,0.25877599999999995,0.030909698996655514,1.0,0.981,0.981,1.0,15,775
157,0,0,598,1,4,382,15,4,402,1,0,0,733,252,0.733,451,147,2,0.259112,0.03094983277591973,1.0,0.981,0.981,1.0,15,776
158,0,0,602,1,4,378,15,4,398,0,0,0,714,271,0.714,442,160,2,0.262864,0.031189368770764118,1.0,0.981,0.981,1.0,15,776
159,0,0,602,0,4,379,15,4,398,0,0,1,716,269,0.716,443,159,3,0.262696,0.031169435215946843,1.0,0.981,0.981,1.0,15,776
160,0,0,605,0,4,376,15,4,395,0,0,0,741,244,0.741,458,147,4,0.261856,0.03091570247933884,1.0,0.981,0.981,1.0,15,776
161,0,0,607,0,4,374,15,4,393,0,0,0,731,254,0.731,451,156,4,0.26415200000000005,0.0310840197693575,1.0,0.981,0.981,1.0,15,776
162,0,0,610,1,3,370,16,3,390,1,1,0,741,243,0.741,445,165,2,0.26684,0.031245901639344265,1.0,0.981,0.981,1.0,16,777
163,0,0,612,1,3,368,16,3,388,0,0,0,712,272,0.712,431,181,2,0.270312,0.031549019607843135,1.0,0.981,0.981,1.0,16,777
164,0,0,611,2,3,368,16,3,389,1,0,0,725,259,0.725,454,157,2,0.26588799999999996,0.03108346972176759,1.0,0.981,0.981,1.0,16,778
165,0,0,613,3,2,366,16,2,387,1,0,1,720,264,0.72,450,163,1,0.26768000000000003,0.031190864600326267,1.0,0.982,0.982,1.0,16,779
166,0,0,615,2,2,365,16,2,385,0,0,1,719,265,0.719,463,152,2,0.266616,0.03096585365853658,1.0,0.982,0.982,1.0,16,779
167,0,0,615,2,3,364,16,3,385,1,0,0,722,262,0.722,460,155,3,0.2671200000000001,0.031024390243902442,1.0,0.981,0.981,1.0,16,780
168,0,0,620,2,3,359,16,3,380,0,0,0,736,248,0.736,472,148,3,0.267904,0.030864516129032255,1.0,0.981,0.981,1.0,16,780
169,0,0,622,0,5,357,16,5,378,0,0,0,728,256,0.728,466,156,5,0.270032,0.031009646302250803,1.0,0.979,0.979,1.0,16,780
170,0,0,624,0,5,355,16,5,376,0,0,0,711,273,0.711,444,180,5,0.274848,0.03146153846153846,1.0,0.979,0.979,1.0,16,780
171,0,0,627,0,5,352,16,5,373,0,0,0,708,276,0.708,447,180,2,0.27602400000000005,0.031444976076555026,1.0,0.979,0.979,1.0,16,780
172,0,0,628,1,4,351,16,4,372,1,0,1,686,298,0.686,433,195,2,0.278936,0.03172611464968153,1.0,0.98,0.98,1.0,16,781
173,0,0,626,3,4,351,16,4,374,2,0,0,710,274,0.71,454,172,3,0.27428800000000003,0.03129712460063898,1.0,0.98,0.98,1.0,16,783
174,0,0,629,3,4,348,16,4,371,0,0,0,725,259,0.725,460,169,4,0.27496000000000004,0.031224165341812403,1.0,0.98,0.98,1.0,16,783
175,0,0,630,2,5,347,16,5,370,0,0,0,721,263,0.721,455,175,4,0.27636000000000005,0.03133333333333334,1.0,0.979,0.979,1.0,16,783
176,0,0,631,1,6,346,16,6,369,0,0,0,711,273,0.711,462,169,5,0.275744,0.031213946117274165,1.0,0.978,0.978,1.0,16,783
177,0,0,636,1,6,341,16,6,364,0,0,0,717,267,0.717,471,165,4,0.277032,0.031113207547169813,1.0,0.978,0.978,1.0,16,783
178,0,0,639,0,7,338,16,7,361,0,0,0,764,220,0.764,499,140,3,0.27400800000000003,0.030629107981220656,1.0,0.977,0.977,1.0,16,783
179,0,0,640,3,6,335,16,6,360,3,0,1,749,235,0.749,495,145,3,0.27524000000000004,0.03071875,1.0,0.978,0.978,1.0,16,786
180,0,0,642,4,5,333,16,5,358,1,0,1,752,232,0.752,494,148,2,0.276528,0.030766355140186913,1.0,0.979,0.979,1.0,16,787
181,0,0,644,4,6,330,16,6,356,1,0,0,737,247,0.737,485,159,4,0.2791600000000001,0.03096273291925466,1.0,0.978,0.978,1.0,16,788
182,0,0,649,2,8,325,16,8,351,0,0,0,712,272,0.712,466,183,7,0.28515200000000007,0.03138366718027735,1.0,0.976,0.976,1.0,16,788
183,0,0,652,1,8,323,16,8,348,0,0,1,707,277,0.707,473,179,6,0.285656,0.03129447852760736,1.0,0.976,0.976,1.0,16,788
184,0,0,652,0,8,324,16,8,348,0,0,1,716,268,0.716,479,173,5,0.284648,0.0311840490797546,1.0,0.976,0.976,1.0,16,788
185,0,0,654,0,7,323,16,7,346,0,0,1,743,241,0.743,499,155,6,0.282408,0.030844036697247702,1.0,0.977,0.977,1.0,16,788
186,0,0,655,0,7,322,16,7,345,0,0,0,752,232,0.752,500,155,5,0.2828,0.03083969465648855,1.0,0.977,0.977,1.0,16,788
187,0,0,656,0,6,322,16,6,344,0,0,1,729,255,0.729,494,162,4,0.28436799999999995,0.030963414634146338,1.0,0.978,0.978,1.0,16,788
188,0,0,659,1,6,318,16,6,341,1,0,0,750,234,0.75,515,144,3,0.28252,0.03062215477996965,1.0,0.978,0.978,1.0,16,789
189,0,0,660,2,5,317,16,5,340,1,0,1,745,239,0.745,491,169,5,0.28711200000000003,0.031072727272727273,1.0,0.979,0.979,1.0,16,790
190,0,0,662,2,4,316,16,4,338,0,0,1,726,258,0.726,476,186,4,0.29075200000000007,0.031371601208459214,1.0,0.98,0.98,1.0,16,790
191,0,0,663,3,4,314,16,4,337,1,0,0,724,260,0.724,491,172,4,0.28879200000000005,0.0311131221719457,1.0,0.98,0.98,1.0,16,791
192,0,0,663,3,5,313,16,5,337,1,0,0,722,262,0.722,487,176,5,0.289464,0.03118552036199095,1.0,0.979,0.979,1.0,16,792
193,0,0,664,1,7,312,16,7,336,0,0,0,741,243,0.741,506,158,7,0.28683200000000003,0.030855421686746987,1.0,0.977,0.977,1.0,16,792
194,0,0,665,1,7,311,16,7,335,1,0,1,738,246,0.738,502,163,4,0.28806400000000004,0.030941353383458648,1.0,0.977,0.977,1.0,16,793
195,0,0,667,1,7,309,16,7,333,0,0,0,732,252,0.732,499,168,5,0.289688,0.031022488755622184,1.0,0.977,0.977,1.0,16,793
196,0,0,672,1,7,304,16,7,328,0,0,0,736,248,0.736,507,165,5,0.291144,0.03094642857142857,1.0,0.977,0.977,1.0,16,793
197,0,0,674,0,7,303,16,7,326,0,0,1,745,239,0.745,513,161,5,0.291256,0.030866468842729967,1.0,0.977,0.977,1.0,16,793
198,0,0,680,0,6,298,16,6,320,0,0,1,712,272,0.712,494,186,4,0.297808,0.03128235294117647,1.0,0.978,0.978,1.0,16,793
199,0,0,683,0,5,296,16,5,317,0,0,1,737,247,0.737,516,167,4,0.29579200000000005,0.030934114202049782,1.0,0.979,0.979,1.0,16,793
200,0,0,683,1,5,295,16,5,317,1,0,0,697,287,0.697,489,194,3,0.30032800000000004,0.03140849194729136,1.0,0.979,0.979,1.0,16,794
201,0,0,685,1,4,294,16,4,315,0,0,1,698,286,0.698,484,201,1,0.30228800000000006,0.03152116788321168,1.0,0.98,0.98,1.0,16,794
202,0,0,687,1,4,292,16,4,313,0,0,0,719,265,0.719,502,185,3,0.300384,0.031231441048034932,1.0,0.98,0.98,1.0,16,794
203,0,0,687,2,4,291,16,4,313,1,0,0,723,261,0.723,506,181,3,0.2997120000000001,0.031161572052401748,1.0,0.98,0.98,1.0,16,795
204,0,0,687,3,3,291,16,3,313,1,0,1,713,271,0.713,491,196,2,0.30223200000000006,0.0314235807860262,1.0,0.981,0.981,1.0,16,796
205,0,0,689,1,5,289,16,5,311,0,0,0,749,235,0.749,519,170,4,0.2986479999999999,0.03096081277213352,1.0,0.979,0.979,1.0,16,796
206,0,0,691,1,6,286,16,6,309,1,0,0,717,267,0.717,507,184,4,0.301784,0.03119536903039074,1.0,0.978,0.978,1.0,16,797
207,0,0,692,1,5,286,16,5,308,0,0,1,724,260,0.724,504,188,4,0.302848,0.031260115606936416,1.0,0.979,0.979,1.0,16,797
208,0,0,691,2,4,287,16,4,309,1,0,1,737,247,0.737,511,180,3,0.301112,0.03112590448625181,1.0,0.98,0.98,1.0,16,798
209,0,0,695,3,4,282,16,4,305,1,0,0,714,270,0.714,508,187,4,0.30385599999999996,0.031228776978417267,1.0,0.98,0.98,1.0,16,799
210,0,0,695,2,5,282,16,5,305,1,0,1,728,256,0.728,521,174,4,0.301672,0.031004316546762587,1.0,0.979,0.979,1.0,16,800
211,0,0,695,3,5,281,16,5,305,1,0,0,707,277,0.707,510,185,3,0.30352,0.031194244604316548,1.0,0.979,0.979,1.0,16,801
212,0,0,697,3,5,279,16,5,303,0,0,0,718,266,0.718,509,188,2,0.30480799999999997,0.03123672883787661,1.0,0.979,0.979,1.0,16,801
213,0,0,700,4,4,276,16,4,300,1,0,1,720,264,0.72,508,192,3,0.306656,0.03129142857142857,1.0,0.98,0.98,1.0,16,802
214,0,0,701,3,6,274,16,6,299,1,0,0,711,273,0.711,508,193,6,0.307216,0.03130385164051355,1.0,0.978,0.978,1.0,16,803
215,0,0,701,2,7,274,16,7,299,1,0,1,714,270,0.714,511,190,6,0.306712,0.03125249643366619,1.0,0.977,0.977,1.0,16,804
216,0,0,700,4,7,273,16,7,300,2,0,0,709,275,0.709,511,189,3,0.30615200000000004,0.031240000000000004,1.0,0.977,0.977,1.0,16,806
217,0,0,701,4,9,270,16,9,299,2,0,0,726,258,0.726,529,172,6,0.30368799999999996,0.03094436519258202,1.0,0.975,0.975,1.0,16,808
218,0,0,702,5,8,269,16,8,298,1,0,1,729,255,0.729,523,179,8,0.30525599999999997,0.03105982905982906,1.0,0.976,0.976,1.0,16,809
219,0,0,702,4,10,268,16,10,298,1,0,0,720,264,0.72,514,188,9,0.306768,0.031213675213675213,1.0,0.974,0.974,1.0,16,810
220,0,0,701,5,10,268,16,10,299,1,0,0,727,257,0.727,514,187,9,0.306208,0.03120114122681883,1.0,0.974,0.974,1.0,16,811
221,0,0,701,1,14,268,16,14,299,0,0,0,732,252,0.732,524,177,11,0.30452799999999997,0.03102995720399429,1.0,0.97,0.97,1.0,16,811
222,0,0,699,5,14,266,16,14,301,4,0,0,705,279,0.705,510,189,11,0.30576000000000003,0.03124463519313305,1.0,0.97,0.97,1.0,16,815
223,0,0,699,5,13,267,16,13,301,1,0,2,698,286,0.698,498,201,12,0.307776,0.031450643776824036,1.0,0.971,0.971,1.0,16,816
224,0,0,699,3,13,269,16,13,301,0,0,2,692,292,0.692,499,200,11,0.30760799999999994,0.03143347639484978,1.0,0.971,0.971,1.0,16,816
225,0,0,702,4,13,265,16,13,298,1,0,0,719,265,0.719,511,191,13,0.307272,0.03126495726495727,1.0,0.971,0.971,1.0,16,817
226,0,0,703,4,12,265,16,12,297,0,0,1,710,274,0.71,505,198,10,0.30884,0.03137980085348507,1.0,0.972,0.972,1.0,16,817
227,0,0,700,4,15,265,16,15,300,3,0,0,718,266,0.718,503,197,13,0.307496,0.03137714285714285,1.0,0.969,0.969,1.0,16,820
228,0,0,703,4,16,261,16,16,297,1,0,0,714,270,0.714,514,189,11,0.30732799999999993,0.031226173541963012,1.0,0.968,0.968,1.0,16,821
229,0,0,705,5,16,258,16,16,295,1,0,0,735,249,0.735,523,182,13,0.306936,0.03109787234042553,1.0,0.968,0.968,1.0,16,822
230,0,0,704,5,16,259,16,16,296,2,0,2,723,261,0.723,509,195,13,0.308728,0.031323863636363636,1.0,0.968,0.968,1.0,16,824
231,0,0,705,5,15,259,16,15,295,1,0,2,728,256,0.728,509,196,15,0.30928799999999995,0.031336170212765954,1.0,0.969,0.969,1.0,16,825
232,0,0,710,4,14,256,16,14,290,0,0,2,719,265,0.719,521,189,11,0.31007199999999996,0.031194366197183097,1.0,0.97,0.97,1.0,16,825
233,0,0,711,3,14,256,16,14,289,0,0,1,745,239,0.745,532,179,11,0.30878399999999995,0.0310210970464135,1.0,0.97,0.97,1.0,16,825
234,0,0,711,2,14,257,16,14,289,1,0,2,747,237,0.747,531,180,11,0.308952,0.031037974683544307,1.0,0.97,0.97,1.0,16,826
235,0,0,710,4,13,257,16,13,290,3,0,2,736,248,0.736,528,182,8,0.308896,0.03107605633802817,1.0,0.971,0.971,1.0,16,829
236,0,0,711,5,13,255,16,13,289,1,0,0,742,242,0.742,543,168,10,0.306936,0.030835443037974683,1.0,0.971,0.971,1.0,16,830
237,0,0,711,7,13,253,16,13,289,3,0,1,724,260,0.724,516,195,9,0.311472,0.03129113924050633,1.0,0.971,0.971,1.0,16,833
238,0,0,710,8,13,253,16,13,290,3,0,2,714,270,0.714,507,203,10,0.31242400000000004,0.03143098591549296,1.0,0.971,0.971,1.0,16,836
239,0,0,712,8,15,249,16,15,288,2,0,0,710,274,0.71,508,204,10,0.313376,0.03143820224719101,1.0,0.969,0.969,1.0,16,838
240,0,0,711,8,16,249,16,16,289,2,0,1,717,267,0.717,510,201,12,0.31248000000000004,0.03139240506329114,1.0,0.968,0.968,1.0,16,840
241,0,0,713,7,17,247,16,17,287,1,0,1,728,256,0.728,520,193,14,0.31192000000000003,0.031248246844319778,1.0,0.967,0.967,1.0,16,841
242,0,0,711,7,19,247,16,19,289,3,0,1,715,269,0.715,512,199,15,0.312144,0.03135864978902953,1.0,0.965,0.965,1.0,16,844
243,0,0,712,5,19,248,16,19,288,0,0,2,731,253,0.731,513,199,16,0.312536,0.03135393258426966,1.0,0.965,0.965,1.0,16,844
244,0,0,712,4,20,248,16,20,288,1,0,1,688,296,0.688,487,225,16,0.31690399999999996,0.03179213483146067,1.0,0.964,0.964,1.0,16,845
245,0,0,713,2,21,248,16,21,287,1,0,2,692,292,0.692,501,212,16,0.315112,0.03156802244039271,1.0,0.963,0.963,1.0,16,846
246,0,0,713,3,21,247,16,21,287,2,0,1,679,305,0.679,485,228,15,0.3178,0.03183730715287518,1.0,0.963,0.963,1.0,16,848
247,0,0,716,4,21,243,16,21,284,1,0,0,707,277,0.707,514,202,15,0.314608,0.031385474860335195,1.0,0.963,0.963,1.0,16,849
248,0,0,717,5,19,243,16,19,283,1,0,2,708,276,0.708,517,200,12,0.314664,0.031347280334728035,1.0,0.965,0.965,1.0,16,850
249,0,0,715,7,18,244,16,18,285,3,0,2,717,267,0.717,519,196,12,0.313208,0.03128951048951049,1.0,0.966,0.966,1.0,16,853
250,0,0,716,5,20,243,16,20,284,1,0,1,757,227,0.757,548,168,17,0.308896,0.030815642458100558,1.0,0.964,0.964,1.0,16,854
251,0,0,717,5,20,242,16,20,283,1,0,1,748,236,0.748,549,168,16,0.30928799999999995,0.030811715481171547,1.0,0.964,0.964,1.0,16,855
252,0,0,717,6,21,240,16,21,283,3,0,1,744,240,0.744,540,177,19,0.3108,0.030962343096234312,1.0,0.963,0.963,1.0,16,858
253,0,0,718,8,17,241,16,17,282,2,0,4,745,239,0.745,539,179,15,0.31152799999999997,0.030991643454038997,1.0,0.967,0.967,1.0,16,860
254,0,0,720,4,20,240,16,20,280,0,0,1,723,261,0.723,519,201,17,0.31600799999999996,0.031349999999999996,1.0,0.964,0.964,1.0,16,860
255,0,0,721,2,20,241,16,20,279,1,0,3,691,293,0.691,496,225,16,0.320432,0.03174479889042996,1.0,0.964,0.964,1.0,16,861
256,0,0,720,4,18,242,16,18,280,2,0,2,689,295,0.689,501,219,13,0.319032,0.03165,1.0,0.966,0.966,1.0,16,863
257,0,0,719,6,19,240,16,19,281,4,0,1,707,277,0.707,527,192,13,0.31410400000000005,0.031204450625869264,1.0,0.965,0.965,1.0,16,867
258,0,0,721,6,21,236,16,21,279,2,0,0,707,277,0.707,519,202,14,0.31656799999999996,0.03136199722607489,1.0,0.963,0.963,1.0,16,869
259,0,0,717,10,19,238,16,19,283,4,0,2,732,252,0.732,535,182,14,0.31164,0.031046025104602512,1.0,0.965,0.965,1.0,16,873
260,0,0,717,9,21,237,16,21,283,1,0,0,726,258,0.726,523,194,18,0.31365599999999993,0.031246861924686186,1.0,0.963,0.963,1.0,16,874
261,0,0,714,6,25,239,16,25,286,3,0,2,715,269,0.715,510,204,22,0.31416000000000005,0.03142857142857143,1.0,0.959,0.959,1.0,16,877
262,0,0,712,6,25,241,16,25,288,2,0,2,728,256,0.728,517,195,20,0.31186400000000003,0.031286516853932585,1.0,0.959,0.959,1.0,16,879
263,0,0,711,4,24,244,17,24,289,2,1,4,719,264,0.719,511,200,18,0.312312,0.031375527426160336,1.0,0.959,0.959,1.0,17,881
264,0,0,711,4,26,242,17,26,289,3,0,1,725,258,0.725,515,196,20,0.31164,0.03130801687763713,1.0,0.957,0.957,1.0,17,884
265,0,0,710,5,24,244,17,24,290,2,0,3,731,252,0.731,523,187,19,0.309736,0.031160563380281687,1.0,0.959,0.959,1.0,17,886
266,0,0,707,8,21,247,17,21,293,4,0,4,715,268,0.715,499,208,16,0.312088,0.03153041018387553,1.0,0.962,0.962,1.0,17,890
267,0,0,707,8,22,246,17,22,293,2,0,1,721,262,0.721,518,189,16,0.308896,0.031207920792079208,1.0,0.961,0.961,1.0,17,892
268,0,0,707,7,24,245,17,24,293,1,0,0,696,287,0.696,485,222,22,0.31444000000000005,0.03176803394625177,1.0,0.959,0.959,1.0,17,893
269,0,0,708,4,26,245,17,26,292,0,0,1,709,274,0.709,502,206,19,0.31214400000000003,0.031491525423728815,1.0,0.957,0.957,1.0,17,893
270,0,0,704,5,28,246,17,28,296,4,0,1,729,254,0.729,517,187,22,0.307384,0.0311875,1.0,0.955,0.955,1.0,17,897
271,0,0,703,7,27,246,17,27,297,3,0,2,706,277,0.706,510,193,18,0.308,0.031294452347083924,1.0,0.956,0.956,1.0,17,900
272,0,0,705,8,25,245,17,25,295,2,0,3,701,282,0.701,495,210,18,0.31164,0.03157446808510638,1.0,0.958,0.958,1.0,17,902
273,0,0,702,7,27,247,17,27,298,3,0,2,710,273,0.71,503,199,19,0.308616,0.0314017094017094,1.0,0.956,0.956,1.0,17,905
274,0,0,702,8,26,247,17,26,298,2,0,2,733,250,0.733,515,187,18,0.3066,0.031196581196581193,1.0,0.957,0.957,1.0,17,907
275,0,0,702,6,27,248,17,27,298,2,0,3,716,267,0.716,511,191,22,0.307272,0.03126495726495727,1.0,0.956,0.956,1.0,17,909
276,0,0,700,8,28,247,17,28,300,4,0,1,712,271,0.712,510,190,23,0.30632000000000004,0.03125714285714286,1.0,0.955,0.955,1.0,17,913
277,0,0,699,8,29,247,17,29,301,2,0,1,729,254,0.729,527,172,24,0.302904,0.030952789699570816,1.0,0.954,0.954,1.0,17,915
278,0,0,696,10,27,250,17,27,304,3,0,3,711,272,0.711,502,194,22,0.305424,0.031344827586206894,1.0,0.956,0.956,1.0,17,918
279,0,0,695,9,27,252,17,27,305,3,0,4,725,258,0.725,501,194,22,0.30503199999999997,0.031349640287769785,1.0,0.956,0.956,1.0,17,921
280,0,0,693,11,26,253,17,26,307,5,0,4,719,264,0.719,500,193,20,0.30407999999999996,0.03134199134199134,1.0,0.957,0.957,1.0,17,926
281,0,0,696,7,28,252,17,28,304,1,0,3,712,271,0.712,498,198,22,0.306096,0.03141379310344827,1.0,0.955,0.955,1.0,17,927
282,0,0,699,7,25,252,17,25,301,1,0,4,708,275,0.708,496,203,17,0.308112,0.031484978540772535,1.0,0.958,0.958,1.0,17,928
283,0,0,698,9,24,252,17,24,302,2,0,1,727,256,0.727,528,170,16,0.302176,0.030922636103151862,1.0,0.959,0.959,1.0,17,930
284,0,0,698,5,29,251,17,29,302,1,0,0,735,248,0.735,534,164,23,0.301168,0.03081948424068768,1.0,0.954,0.954,1.0,17,931
285,0,0,698,5,32,248,17,32,302,3,0,0,723,260,0.723,524,174,25,0.30284799999999995,0.030991404011461315,1.0,0.951,0.951,1.0,17,934
286,0,0,697,5,33,248,17,33,303,2,0,1,722,261,0.722,505,192,27,0.30548,0.03130559540889526,1.0,0.95,0.95,1.0,17,936
287,0,0,696,9,30,248,17,30,304,4,0,3,717,266,0.717,508,188,20,0.30441599999999996,0.031241379310344826,1.0,0.953,0.953,1.0,17,940
288,0,0,696,9,29,249,17,29,304,2,0,3,694,289,0.694,489,207,18,0.307608,0.03156896551724138,1.0,0.954,0.954,1.0,17,942
289,0,0,695,8,32,248,17,32,305,2,0,0,701,282,0.701,495,200,26,0.30604000000000003,0.031453237410071944,1.0,0.951,0.951,1.0,17,944
290,0,0,694,10,30,249,17,30,306,2,0,2,719,264,0.719,509,185,22,0.303128,0.03119884726224784,1.0,0.953,0.953,1.0,17,946
291,0,0,693,8,32,250,17,32,307,2,0,2,721,262,0.721,500,193,27,0.30407999999999996,0.03134199134199134,1.0,0.951,0.951,1.0,17,948
292,0,0,699,4,30,250,17,30,301,1,0,7,724,259,0.724,508,191,24,0.306096,0.03127896995708154,1.0,0.953,0.953,1.0,17,949
293,0,0,694,8,27,254,17,27,306,5,0,4,737,246,0.737,520,174,19,0.30128,0.03100864553314121,1.0,0.956,0.956,1.0,17,954
294,0,0,691,10,28,254,17,28,309,3,0,0,754,229,0.754,534,157,19,0.29724799999999996,0.030726483357452965,1.0,0.955,0.955,1.0,17,957
295,0,0,688,13,30,252,17,30,312,7,0,2,721,262,0.721,501,187,23,0.30111200000000005,0.03126162790697675,1.0,0.953,0.953,1.0,17,964
296,0,0,685,15,27,256,17,27,315,3,0,4,711,272,0.711,497,188,20,0.3001040000000001,0.03129343065693431,1.0,0.956,0.956,1.0,17,967
297,0,0,684,11,31,257,17,31,316,2,0,2,736,247,0.736,512,172,24,0.297024,0.03101754385964912,1.0,0.952,0.952,1.0,17,969
298,0,0,680,13,33,257,17,33,320,6,0,2,744,239,0.744,511,169,25,0.294952,0.030982352941176468,1.0,0.95,0.95,1.0,17,975
299,0,0,678,11,36,258,17,36,322,4,0,3,724,259,0.724,499,179,24,0.29584800000000006,0.03116814159292035,1.0,0.947,0.947,1.0,17,979
300,0,0,675,12,40,256,17,40,325,6,0,1,713,270,0.713,492,183,26,0.29534400000000005,0.031253333333333334,1.0,0.943,0.943,1.0,17,985
301,0,0,674,8,43,258,17,43,326,3,0,4,715,268,0.715,495,179,27,0.29428000000000004,0.031186943620178043,1.0,0.94,0.94,1.0,17,988
302,0,0,672,9,46,256,17,46,328,5,0,1,715,268,0.715,498,174,27,0.292656,0.031107142857142858,1.0,0.937,0.937,1.0,17,993
303,0,0,670,10,47,256,17,47,330,3,0,1,730,253,0.73,503,167,33,0.290696,0.030991044776119404,1.0,0.936,0.936,1.0,17,996
304,0,0,668,12,50,253,17,50,332,5,0,0,729,254,0.729,495,173,36,0.29092000000000007,0.031107784431137726,1.0,0.933,0.933,1.0,17,1001
305,0,0,663,13,51,256,17,51,337,5,0,3,724,259,0.724,475,188,39,0.2914800000000001,0.0314027149321267,1.0,0.932,0.932,1.0,17,1006
306,0,0,661,12,48,262,17,48,339,2,0,6,741,242,0.741,497,164,36,0.286664,0.030977307110438727,1.0,0.935,0.935,1.0,17,1008
307,0,0,658,12,50,263,17,50,342,4,0,2,731,252,0.731,499,159,34,0.28464799999999996,0.030899696048632214,1.0,0.933,0.933,1.0,17,1012
308,0,0,656,13,47,267,17,47,344,5,0,7,722,261,0.722,485,171,34,0.2858800000000001,0.031128048780487808,1.0,0.936,0.936,1.0,17,1017
309,0,0,650,19,44,270,17,44,350,7,0,4,696,287,0.696,472,178,26,0.284704,0.031286153846153845,1.0,0.939,0.939,1.0,17,1024
310,0,0,647,16,48,272,17,48,353,4,0,3,698,285,0.698,466,181,30,0.284032,0.03135703245749614,1.0,0.935,0.935,1.0,17,1028
311,0,0,642,21,48,272,17,48,358,7,0,2,709,274,0.709,468,174,34,0.280896,0.03125233644859813,1.0,0.935,0.935,1.0,17,1035
312,0,0,639,18,52,274,17,52,361,5,0,4,747,236,0.747,482,157,41,0.27686400000000005,0.030948356807511738,1.0,0.931,0.931,1.0,17,1040
313,0,0,641,20,46,276,17,46,359,3,0,7,710,273,0.71,455,186,36,0.28252,0.03148205928237129,1.0,0.937,0.937,1.0,17,1043
314,0,0,640,17,50,276,17,50,360,4,0,3,726,257,0.726,476,164,40,0.278432,0.031075,1.0,0.933,0.933,1.0,17,1047
315,0,0,639,13,54,277,17,54,361,2,0,2,729,254,0.729,493,146,40,0.275016,0.030741784037558683,1.0,0.929,0.929,1.0,17,1049
316,0,0,639,8,57,279,17,57,361,2,0,4,723,260,0.723,475,164,44,0.27804,0.031079812206572768,1.0,0.926,0.926,1.0,17,1051
317,0,0,638,9,56,280,17,56,362,4,0,4,720,263,0.72,475,163,46,0.27748,0.031065830721003135,1.0,0.927,0.927,1.0,17,1055
318,0,0,636,11,53,283,17,53,364,5,0,6,706,277,0.706,457,179,43,0.279384,0.03137735849056604,1.0,0.93,0.93,1.0,17,1060
319,0,0,639,10,56,278,17,56,361,2,0,0,736,247,0.736,491,148,45,0.275352,0.030779342723004692,1.0,0.927,0.927,1.0,17,1062
320,0,0,632,13,58,280,17,58,368,7,0,2,729,254,0.729,469,163,45,0.275128,0.031094936708860755,1.0,0.925,0.925,1.0,17,1069
321,0,0,629,13,58,283,17,58,371,4,0,4,714,269,0.714,455,174,44,0.2758,0.03131955484896661,1.0,0.925,0.925,1.0,17,1073
322,0,0,625,15,57,285,18,57,375,5,1,3,708,274,0.708,440,185,46,0.27608,0.031552,1.0,0.925,0.925,1.0,18,1078
323,0,0,624,13,55,290,18,55,376,2,0,6,686,296,0.686,440,184,40,0.27552,0.031538461538461536,1.0,0.927,0.927,1.0,18,1080
324,0,0,623,14,53,292,18,53,377,3,0,4,722,260,0.722,463,160,39,0.27109599999999995,0.031081861958266448,1.0,0.929,0.929,1.0,18,1083
325,0,0,623,9,55,295,18,55,377,3,0,6,704,278,0.704,456,167,43,0.272272,0.03121669341894061,1.0,0.927,0.927,1.0,18,1086
326,0,0,623,11,51,297,18,51,377,3,0,5,710,272,0.71,456,167,37,0.272272,0.03121669341894061,1.0,0.931,0.931,1.0,18,1089
327,0,0,619,12,48,303,18,48,381,4,0,6,724,258,0.724,469,150,36,0.267848,0.03090791599353796,1.0,0.934,0.934,1.0,18,1093
328,0,0,613,14,50,304,19,50,387,8,1,3,714,267,0.714,453,160,38,0.267176,0.031132137030995106,1.0,0.931,0.931,1.0,19,1101
329,0,0,612,14,46,309,19,46,388,4,0,8,743,238,0.743,458,154,36,0.26577599999999996,0.031019607843137252,1.0,0.935,0.935,1.0,19,1105
330,0,0,607,16,44,314,19,44,393,5,0,5,727,254,0.727,452,155,31,0.263984,0.031064250411861612,1.0,0.937,0.937,1.0,19,1110
331,0,0,603,17,48,313,19,48,397,7,0,2,729,252,0.729,448,155,38,0.26241600000000004,0.03108457711442786,1.0,0.933,0.933,1.0,19,1117
332,0,0,602,12,54,313,19,54,398,1,0,0,700,281,0.7,423,179,41,0.266056,0.03156810631229236,1.0,0.927,0.927,1.0,19,1118
333,0,0,601,9,57,314,19,57,399,4,0,4,706,275,0.706,438,163,36,0.26297599999999993,0.03125457570715474,1.0,0.924,0.924,1.0,19,1122
334,0,0,597,11,54,319,19,54,403,5,0,6,720,261,0.72,447,150,31,0.259224,0.03101507537688442,1.0,0.927,0.927,1.0,19,1127
335,0,0,594,13,52,322,19,52,406,5,0,5,716,265,0.716,440,154,39,0.25872,0.03111111111111111,1.0,0.929,0.929,1.0,19,1132
336,0,0,593,11,53,324,19,53,407,2,0,3,712,269,0.712,421,172,38,0.261352,0.03148060708263069,1.0,0.928,0.928,1.0,19,1134
337,0,0,595,13,51,322,19,51,405,5,0,5,704,277,0.704,421,174,39,0.262472,0.03150924369747899,1.0,0.93,0.93,1.0,19,1139
338,0,0,594,12,52,323,19,52,406,3,0,3,711,270,0.711,422,172,36,0.2617439999999999,0.03147474747474747,1.0,0.929,0.929,1.0,19,1142
339,0,0,590,16,52,323,19,52,410,7,0,3,707,274,0.707,413,177,43,0.26101599999999997,0.031599999999999996,1.0,0.929,0.929,1.0,19,1149
340,0,0,594,13,49,325,19,49,406,2,0,8,695,286,0.695,421,173,36,0.261912,0.03149494949494949,1.0,0.932,0.932,1.0,19,1151
341,0,0,593,14,49,325,19,49,407,4,0,3,700,281,0.7,422,171,39,0.261184,0.03146037099494098,1.0,0.932,0.932,1.0,19,1155
342,0,0,594,13,48,326,19,48,406,4,0,6,749,232,0.749,463,131,32,0.254856,0.030646464646464647,1.0,0.933,0.933,1.0,19,1159
343,0,0,592,11,50,328,19,50,408,4,0,4,750,231,0.75,458,134,38,0.25457599999999997,0.030716216216216213,1.0,0.931,0.931,1.0,19,1163
344,0,0,588,14,48,331,19,48,412,5,0,4,736,245,0.736,448,140,37,0.25401599999999996,0.030857142857142854,1.0,0.933,0.933,1.0,19,1168
345,0,0,588,12,46,335,19,46,412,1,0,5,724,257,0.724,440,148,32,0.25536000000000003,0.03102040816326531,1.0,0.935,0.935,1.0,19,1169
346,0,0,588,10,45,337,20,45,412,3,1,5,731,249,0.731,433,155,34,0.256536,0.031163265306122446,1.0,0.935,0.935,1.0,20,1172
347,0,0,587,9,48,336,20,48,413,4,0,2,730,250,0.73,436,151,37,0.25547200000000003,0.03108688245315162,1.0,0.932,0.932,1.0,20,1176
348,0,0,591,7,44,338,20,44,409,0,0,6,746,234,0.746,451,140,38,0.25519200000000003,0.030842639593908632,1.0,0.936,0.936,1.0,20,1176
349,0,0,590,7,41,342,20,41,410,2,0,5,739,241,0.739,450,140,31,0.25479999999999997,0.030847457627118643,1.0,0.939,0.939,1.0,20,1178
350,0,0,591,5,42,342,20,42,409,0,0,1,728,252,0.728,450,141,31,0.25536000000000003,0.030862944162436547,1.0,0.938,0.938,1.0,20,1178
351,0,0,592,2,43,343,20,43,408,1,0,3,728,252,0.728,432,160,33,0.25894400000000006,0.031243243243243245,1.0,0.937,0.937,1.0,20,1179
352,0,0,590,6,39,345,20,39,410,4,0,4,724,256,0.724,444,146,35,0.255808,0.030969491525423727,1.0,0.941,0.941,1.0,20,1183
353,0,0,585,10,40,345,20,40,415,6,0,1,732,248,0.732,440,145,35,0.25368,0.030974358974358976,1.0,0.94,0.94,1.0,20,1189
354,0,0,586,7,40,347,20,40,414,1,0,4,708,272,0.708,419,167,33,0.257768,0.031419795221843,1.0,0.94,0.94,1.0,20,1190
355,0,0,588,7,39,346,20,39,412,2,0,3,720,260,0.72,431,157,34,0.256872,0.03120408163265306,1.0,0.941,0.941,1.0,20,1192
356,0,0,590,6,40,344,20,40,410,2,0,2,724,256,0.724,434,156,30,0.257488,0.031172881355932203,1.0,0.94,0.94,1.0,20,1194
357,0,0,591,5,37,347,20,37,409,1,0,5,740,240,0.74,447,144,29,0.255864,0.030923857868020304,1.0,0.943,0.943,1.0,20,1195
358,0,0,591,5,32,352,20,32,409,3,0,8,741,239,0.741,443,148,24,0.256536,0.031005076142131976,1.0,0.948,0.948,1.0,20,1198
359,0,0,590,10,30,350,20,30,410,5,0,2,736,244,0.736,443,147,20,0.255976,0.030989830508474574,1.0,0.95,0.95,1.0,20,1203
360,0,0,592,10,30,348,20,30,408,2,0,2,714,266,0.714,436,156,20,0.258272,0.031162162162162162,1.0,0.95,0.95,1.0,20,1205
361,0,0,588,12,32,348,20,32,412,6,0,2,736,244,0.736,451,137,27,0.253512,0.03079591836734694,1.0,0.948,0.948,1.0,20,1211
362,0,0,582,14,34,350,20,34,418,6,0,2,715,265,0.715,419,163,26,0.255528,0.03136082474226804,1.0,0.946,0.946,1.0,20,1217
363,0,0,584,14,33,349,20,33,416,1,0,2,708,272,0.708,426,158,24,0.255472,0.03124657534246575,1.0,0.947,0.947,1.0,20,1218
364,0,0,588,10,34,348,20,34,412,1,0,4,727,253,0.727,438,150,31,0.255696,0.031061224489795917,1.0,0.946,0.946,1.0,20,1219
365,0,0,587,8,39,346,20,39,413,3,0,0,721,259,0.721,432,155,30,0.25614400000000004,0.031168654173764906,1.0,0.941,0.941,1.0,20,1222
366,0,0,581,10,41,348,20,41,419,7,0,3,731,249,0.731,433,148,30,0.25261599999999995,0.031056798623063677,1.0,0.939,0.939,1.0,20,1229
367,0,0,582,7,43,348,20,43,418,1,0,2,739,241,0.739,450,132,32,0.25032,0.03072164948453608,1.0,0.937,0.937,1.0,20,1230
368,0,0,585,7,37,351,20,37,415,2,0,8,708,272,0.708,431,154,29,0.25519200000000003,0.031158974358974363,1.0,0.943,0.943,1.0,20,1232
369,0,0,587,9,36,348,20,36,413,3,0,2,720,260,0.72,440,147,28,0.2548,0.03100511073253833,1.0,0.944,0.944,1.0,20,1235
370,0,0,590,11,37,342,20,37,410,3,0,0,704,276,0.704,427,163,29,0.258664,0.031315254237288134,1.0,0.943,0.943,1.0,20,1238
371,0,0,590,9,35,346,20,35,410,2,0,6,706,274,0.706,433,157,27,0.257656,0.03119322033898305,1.0,0.945,0.945,1.0,20,1240
372,0,0,591,10,35,344,20,35,409,2,0,1,716,264,0.716,427,164,27,0.259224,0.03132994923857868,1.0,0.945,0.945,1.0,20,1242
373,0,0,594,8,38,340,20,38,406,4,0,3,726,254,0.726,444,150,32,0.258048,0.03103030303030303,1.0,0.942,0.942,1.0,20,1246
374,0,0,594,10,37,339,20,37,406,3,0,2,721,259,0.721,437,157,28,0.259224,0.03117171717171717,1.0,0.943,0.943,1.0,20,1249
375,0,0,592,11,37,340,20,37,408,4,0,3,729,251,0.729,438,154,31,0.257936,0.03112162162162162,1.0,0.943,0.943,1.0,20,1253
376,0,0,594,6,37,342,21,37,406,0,1,4,710,269,0.71,428,166,29,0.26073599999999997,0.03135353535353535,1.0,0.942,0.942,1.0,21,1253
377,0,0,591,8,33,347,21,33,409,5,0,7,732,247,0.732,436,155,26,0.25771200000000005,0.031147208121827412,1.0,0.946,0.946,1.0,21,1258
378,0,0,591,6,34,348,21,34,409,1,0,2,746,233,0.746,458,133,25,0.25401599999999996,0.030700507614213196,1.0,0.945,0.945,1.0,21,1259
379,0,0,594,8,34,343,21,34,406,3,0,1,748,231,0.748,458,136,26,0.255696,0.030747474747474746,1.0,0.945,0.945,1.0,21,1262
380,0,0,594,9,32,344,21,32,406,2,0,3,759,220,0.759,466,128,24,0.25435199999999997,0.030585858585858584,1.0,0.947,0.947,1.0,21,1264
381,0,0,591,9,32,347,21,32,409,3,0,3,758,221,0.758,466,125,27,0.25267200000000006,0.030538071065989852,1.0,0.947,0.947,1.0,21,1267
382,0,0,595,6,33,345,21,33,405,1,0,3,754,225,0.754,457,138,28,0.256424,0.03078319327731092,1.0,0.946,0.946,1.0,21,1268
383,0,0,597,5,32,345,21,32,403,1,0,3,713,266,0.713,424,173,27,0.263088,0.03147738693467336,1.0,0.947,0.947,1.0,21,1269
384,0,0,598,6,30,345,21,30,402,2,0,3,723,256,0.723,451,147,23,0.259112,0.03094983277591973,1.0,0.949,0.949,1.0,21,1271
385,0,0,595,8,30,346,21,30,405,4,0,2,698,281,0.698,429,166,21,0.26112799999999997,0.031347899159663864,1.0,0.949,0.949,1.0,21,1275
386,0,0,595,5,32,347,21,32,405,3,0,4,707,272,0.707,431,164,24,0.260792,0.03130756302521009,1.0,0.947,0.947,1.0,21,1278
387,0,0,596,6,31,346,21,31,404,1,0,1,715,264,0.715,431,165,23,0.261352,0.03132214765100671,1.0,0.948,0.948,1.0,21,1279
388,0,0,592,7,33,347,21,33,408,4,0,1,709,270,0.709,435,157,24,0.25844,0.031182432432432433,1.0,0.946,0.946,1.0,21,1283
389,0,0,594,5,32,348,21,32,406,2,0,5,706,273,0.706,425,169,25,0.26124,0.031414141414141415,1.0,0.947,0.947,1.0,21,1285
390,0,0,594,6,30,349,21,30,406,2,0,3,757,222,0.757,467,127,23,0.254184,0.030565656565656563,1.0,0.949,0.949,1.0,21,1287
391,0,0,597,4,29,349,21,29,403,0,0,3,725,254,0.725,437,160,23,0.260904,0.03121608040201005,1.0,0.95,0.95,1.0,21,1287
392,0,0,597,3,27,352,21,27,403,2,0,5,711,268,0.711,432,165,25,0.26174400000000003,0.031316582914572864,1.0,0.952,0.952,1.0,21,1289
393,0,0,596,6,25,352,21,25,404,3,0,2,724,255,0.724,429,167,21,0.26168800000000003,0.03136241610738255,1.0,0.954,0.954,1.0,21,1292
394,0,0,597,5,26,351,21,26,403,2,0,2,700,279,0.7,425,172,16,0.26292000000000004,0.03145728643216081,1.0,0.953,0.953,1.0,21,1294
395,0,0,599,6,25,349,21,25,401,2,0,2,701,278,0.701,427,172,15,0.263704,0.0314457429048414,1.0,0.954,0.954,1.0,21,1296
396,0,0,597,9,24,349,21,24,403,4,0,2,719,260,0.719,439,158,17,0.26056799999999997,0.03117587939698492,1.0,0.955,0.955,1.0,21,1300
397,0,0,598,9,21,350,22,21,402,1,1,3,688,290,0.688,415,183,16,0.26516000000000006,0.03167224080267559,1.0,0.957,0.957,1.0,22,1301
398,0,0,598,10,22,348,22,22,402,3,0,1,713,265,0.713,430,168,16,0.26264000000000004,0.031371237458193986,1.0,0.956,0.956,1.0,22,1304
399,0,0,598,9,22,349,22,22,402,1,0,2,731,247,0.731,444,154,17,0.26028799999999996,0.031090301003344478,1.0,0.956,0.956,1.0,22,1305
400,0,0,599,6,25,348,22,25,401,1,0,1,725,253,0.725,444,155,16,0.26084799999999997,0.031105175292153585,1.0,0.953,0.953,1.0,22,1306
401,0,0,596,8,27,347,22,27,404,5,0,1,723,255,0.723,435,161,22,0.26068,0.031241610738255036,1.0,0.951,0.951,1.0,22,1311
402,0,0,596,8,25,349,22,25,404,0,0,2,708,270,0.708,441,155,15,0.259672,0.031120805369127515,1.0,0.953,0.953,1.0,22,1311
403,0,0,600,6,22,349,23,22,400,0,1,4,688,289,0.688,432,168,16,0.263424,0.03136,1.0,0.955,0.955,1.0,23,1311
404,0,0,601,7,24,345,23,24,399,3,0,0,689,288,0.689,419,182,19,0.26616799999999996,0.031633943427620624,1.0,0.953,0.953,1.0,23,1314
405,0,0,604,2,28,343,23,28,396,0,0,1,714,263,0.714,431,173,22,0.265832,0.031437086092715234,1.0,0.949,0.949,1.0,23,1314
406,0,0,603,6,26,342,23,26,397,4,0,2,723,254,0.723,441,162,20,0.26359200000000005,0.031223880597014926,1.0,0.951,0.951,1.0,23,1318
407,0,0,602,9,26,340,23,26,398,4,0,1,708,269,0.708,430,172,18,0.26488,0.03142857142857143,1.0,0.951,0.951,1.0,23,1322
408,0,0,603,8,27,339,23,27,397,2,0,2,721,256,0.721,444,159,21,0.263088,0.031164179104477607,1.0,0.95,0.95,1.0,23,1324
409,0,0,605,4,29,339,23,29,395,0,0,2,711,266,0.711,440,165,26,0.26488000000000006,0.03127272727272728,1.0,0.948,0.948,1.0,23,1324
410,0,0,608,3,29,337,23,29,392,0,0,1,706,271,0.706,440,168,21,0.26655999999999996,0.03131578947368421,1.0,0.948,0.948,1.0,23,1324
411,0,0,609,2,26,340,23,26,391,1,0,5,730,247,0.73,458,151,19,0.26409599999999994,0.030975369458128073,1.0,0.951,0.951,1.0,23,1325
412,0,0,610,5,25,337,23,25,390,3,0,1,735,242,0.735,465,145,19,0.26348,0.030852459016393444,1.0,0.952,0.952,1.0,23,1328
413,0,0,613,2,26,336,23,26,387,0,0,2,715,262,0.715,442,171,22,0.2690240000000001,0.031347471451876024,1.0,0.951,0.951,1.0,23,1328
414,0,0,615,4,24,334,23,24,385,2,0,2,722,255,0.722,461,154,20,0.26695199999999997,0.031004878048780483,1.0,0.953,0.953,1.0,23,1330
415,0,0,615,4,19,339,23,19,385,1,0,6,727,250,0.727,458,157,15,0.267456,0.03106341463414634,1.0,0.958,0.958,1.0,23,1331
416,0,0,616,3,19,339,23,19,384,1,0,2,715,262,0.715,457,159,14,0.26818400000000003,0.031097402597402596,1.0,0.958,0.958,1.0,23,1332
417,0,0,617,5,18,337,23,18,383,3,0,2,705,272,0.705,443,174,12,0.271096,0.03138411669367909,1.0,0.959,0.959,1.0,23,1335
418,0,0,621,4,18,334,23,18,379,0,0,1,725,252,0.725,454,167,12,0.27148799999999995,0.031227053140096613,1.0,0.959,0.959,1.0,23,1335
419,0,0,620,4,19,334,23,19,380,2,0,1,727,250,0.727,463,157,14,0.26941600000000004,0.031038709677419354,1.0,0.958,0.958,1.0,23,1337
420,0,0,619,5,19,334,23,19,381,1,0,0,742,235,0.742,465,154,14,0.26852,0.03098546042003231,1.0,0.958,0.958,1.0,23,1338
421,0,0,621,4,19,333,23,19,379,1,0,2,712,265,0.712,454,167,15,0.27148799999999995,0.031227053140096613,1.0,0.958,0.958,1.0,23,1339
422,0,0,620,3,20,334,23,20,380,1,0,1,730,247,0.73,464,156,14,0.269248,0.031019354838709677,1.0,0.957,0.957,1.0,23,1340
423,0,0,619,6,16,336,23,16,381,3,0,4,723,254,0.723,459,160,12,0.269528,0.031101777059773825,1.0,0.961,0.961,1.0,23,1343
424,0,0,619,4,17,337,23,17,381,1,0,2,718,259,0.718,459,160,13,0.269528,0.031101777059773825,1.0,0.96,0.96,1.0,23,1344
425,0,0,618,6,15,338,23,15,382,3,0,3,700,277,0.7,455,163,12,0.26964000000000005,0.031165048543689323,1.0,0.962,0.962,1.0,23,1347
426,0,0,618,6,16,337,23,16,382,1,0,0,690,287,0.69,435,183,12,0.273,0.03155339805825243,1.0,0.961,0.961,1.0,23,1348
427,0,0,619,5,17,336,23,17,381,1,0,1,731,246,0.731,455,164,13,0.27020000000000005,0.031179321486268174,1.0,0.96,0.96,1.0,23,1349
428,0,0,619,3,20,335,23,20,381,1,0,0,704,273,0.704,446,173,15,0.27171200000000006,0.031353796445880454,1.0,0.957,0.957,1.0,23,1350
429,0,0,622,3,18,334,23,18,378,0,0,2,713,264,0.713,465,157,13,0.27020000000000005,0.03102893890675241,1.0,0.959,0.959,1.0,23,1350
430,0,0,622,2,17,336,23,17,378,1,0,3,730,247,0.73,475,147,13,0.26852,0.030836012861736335,1.0,0.96,0.96,1.0,23,1351
431,0,0,624,1,18,334,23,18,376,0,0,0,714,263,0.714,459,165,15,0.272328,0.03117307692307692,1.0,0.959,0.959,1.0,23,1351
432,0,0,624,2,17,334,23,17,376,1,0,1,720,257,0.72,461,163,12,0.271992,0.031134615384615386,1.0,0.96,0.96,1.0,23,1352
433,0,0,625,3,17,332,23,17,375,1,0,0,718,259,0.718,470,155,14,0.27104,0.030976,1.0,0.96,0.96,1.0,23,1353
434,0,0,626,1,19,331,23,19,374,1,0,1,716,261,0.716,447,179,17,0.27546400000000004,0.03143130990415336,1.0,0.958,0.958,1.0,23,1354
435,0,0,627,2,16,332,23,16,373,1,0,3,697,280,0.697,447,180,10,0.27602400000000005,0.031444976076555026,1.0,0.961,0.961,1.0,23,1355
436,0,0,627,3,15,332,23,15,373,2,0,2,689,288,0.689,445,182,10,0.27636000000000005,0.03148325358851675,1.0,0.962,0.962,1.0,23,1357
437,0,0,627,2,14,334,23,14,373,0,0,2,730,247,0.73,482,145,11,0.27014400000000005,0.03077511961722488,1.0,0.963,0.963,1.0,23,1357
438,0,0,628,2,10,337,23,10,372,1,0,5,725,252,0.725,474,154,9,0.272048,0.030942675159235666,1.0,0.967,0.967,1.0,23,1358
439,0,0,631,1,11,334,23,11,369,0,0,0,714,263,0.714,475,156,8,0.27355999999999997,0.03096671949286846,1.0,0.966,0.966,1.0,23,1358
440,0,0,632,1,11,333,23,11,368,0,0,0,718,259,0.718,474,158,9,0.274288,0.030999999999999996,1.0,0.966,0.966,1.0,23,1358
441,0,0,634,3,9,331,23,9,366,2,0,2,697,280,0.697,454,180,7,0.27876799999999996,0.03140694006309148,1.0,0.968,0.968,1.0,23,1360
442,0,0,634,3,9,331,23,9,366,1,0,1,711,266,0.711,455,179,9,0.27859999999999996,0.031388012618296525,1.0,0.968,0.968,1.0,23,1361
443,0,0,640,1,10,326,23,10,360,0,0,1,686,291,0.686,453,187,8,0.28229600000000005,0.03150625,1.0,0.967,0.967,1.0,23,1361
444,0,0,642,1,9,325,23,9,358,0,0,1,691,286,0.691,448,194,8,0.284256,0.03162616822429906,1.0,0.968,0.968,1.0,23,1361
445,0,0,646,1,8,322,23,8,354,0,0,1,713,264,0.713,466,180,6,0.28347200000000006,0.031343653250774,1.0,0.969,0.969,1.0,23,1361
446,0,0,647,1,8,321,23,8,353,0,0,0,734,243,0.734,478,169,8,0.282016,0.031134466769706333,1.0,0.969,0.969,1.0,23,1361
447,0,0,648,1,8,320,23,8,352,1,0,1,723,254,0.723,474,174,7,0.283248,0.03122222222222222,1.0,0.969,0.969,1.0,23,1362
448,0,0,650,1,6,320,23,6,350,0,0,2,729,248,0.729,492,158,4,0.28134400000000004,0.030916923076923078,1.0,0.971,0.971,1.0,23,1362
449,0,0,652,0,7,318,23,7,348,0,0,0,698,279,0.698,458,194,5,0.288176,0.03157055214723926,1.0,0.97,0.97,1.0,23,1362
450,0,0,654,0,7,316,23,7,346,0,0,0,722,255,0.722,482,172,7,0.285264,0.03115596330275229,1.0,0.97,0.97,1.0,23,1362
451,0,0,658,0,6,313,23,6,342,0,0,1,705,272,0.705,470,188,3,0.28952000000000006,0.03142857142857143,1.0,0.971,0.971,1.0,23,1362
452,0,0,662,0,5,310,23,5,338,0,0,1,689,288,0.689,467,195,4,0.292264,0.031534743202416914,1.0,0.972,0.972,1.0,23,1362
453,0,0,663,0,4,310,23,4,337,0,0,1,734,243,0.734,502,161,3,0.28694400000000003,0.030914027149321264,1.0,0.973,0.973,1.0,23,1362
454,0,0,664,0,4,309,23,4,336,0,0,0,730,247,0.73,494,170,4,0.288848,0.031072289156626503,1.0,0.973,0.973,1.0,23,1362
455,0,0,665,0,4,308,23,4,335,0,0,0,726,251,0.726,493,172,3,0.289576,0.031103759398496238,1.0,0.973,0.973,1.0,23,1362
456,0,0,665,1,4,307,23,4,335,1,0,0,717,260,0.717,480,185,4,0.29176,0.03133834586466165,1.0,0.973,0.973,1.0,23,1363
457,0,0,670,0,5,302,23,5,330,0,0,0,709,268,0.709,481,189,4,0.294392,0.03138507462686567,1.0,0.972,0.972,1.0,23,1363
458,0,0,675,0,4,298,23,4,325,0,0,1,712,265,0.712,485,190,4,0.29652,0.031377777777777775,1.0,0.973,0.973,1.0,23,1363
459,0,0,678,0,4,295,23,4,322,0,0,0,677,300,0.677,464,214,3,0.30172800000000005,0.031787610619469026,1.0,0.973,0.973,1.0,23,1363
460,0,0,681,0,3,293,23,3,319,0,0,1,729,248,0.729,514,167,3,0.295008,0.030942731277533032,1.0,0.974,0.974,1.0,23,1363
461,0,0,684,0,3,290,23,3,316,0,0,0,706,271,0.706,510,174,1,0.29736000000000007,0.03105263157894737,1.0,0.974,0.974,1.0,23,1363
462,0,0,685,0,2,290,23,2,315,0,0,1,707,270,0.707,501,184,2,0.2994320000000001,0.031223357664233578,1.0,0.975,0.975,1.0,23,1363
463,0,0,690,0,1,286,23,1,310,0,0,1,712,265,0.712,502,188,0,0.302064,0.031269565217391306,1.0,0.976,0.976,1.0,23,1363
464,0,0,691,0,1,285,23,1,309,0,0,0,708,269,0.708,499,192,1,0.30312799999999995,0.03133429811866859,1.0,0.976,0.976,1.0,23,1363
465,0,0,694,0,1,282,23,1,306,0,0,0,733,244,0.733,516,178,1,0.301952,0.031077809798270895,1.0,0.976,0.976,1.0,23,1363
466,0,0,695,0,1,281,23,1,305,0,0,0,722,255,0.722,516,179,1,0.302512,0.03109064748201439,1.0,0.976,0.976,1.0,23,1363
467,0,0,697,0,1,279,23,1,303,0,0,0,685,292,0.685,487,210,0,0.30850400000000006,0.0316154949784792,1.0,0.976,0.976,1.0,23,1363
468,0,0,702,0,1,274,23,1,298,0,0,0,710,267,0.71,494,208,1,0.310128,0.03155555555555556,1.0,0.976,0.976,1.0,23,1363
469,0,0,704,0,1,272,23,1,296,0,0,0,701,276,0.701,504,200,0,0.30956799999999995,0.03140909090909091,1.0,0.976,0.976,1.0,23,1363
470,0,0,706,0,1,270,23,1,294,0,0,0,713,264,0.713,521,185,0,0.307832,0.031144475920679884,1.0,0.976,0.976,1.0,23,1363
471,0,0,706,1,1,269,23,1,294,1,0,0,725,252,0.725,519,187,1,0.308168,0.031178470254957506,1.0,0.976,0.976,1.0,23,1364
472,0,0,707,1,0,269,23,0,293,0,0,1,722,255,0.722,523,184,0,0.30805599999999994,0.03112305516265912,1.0,0.977,0.977,1.0,23,1364
473,0,0,710,1,0,266,23,0,290,0,0,0,693,284,0.693,504,206,0,0.31292799999999993,0.031481690140845064,1.0,0.977,0.977,1.0,23,1364
474,0,0,710,1,0,266,23,0,290,0,0,0,720,257,0.72,520,190,0,0.31024,0.031211267605633804,1.0,0.977,0.977,1.0,23,1364
475,0,0,713,0,1,263,23,1,287,0,0,0,724,253,0.724,532,181,1,0.309904,0.031046283309957925,1.0,0.976,0.976,1.0,23,1364
476,0,0,713,0,1,263,23,1,287,0,0,0,733,244,0.733,537,176,0,0.30906400000000006,0.030962131837307155,1.0,0.976,0.976,1.0,23,1364
477,0,0,715,0,1,261,23,1,285,0,0,0,711,266,0.711,520,195,0,0.31304,0.03127272727272727,1.0,0.976,0.976,1.0,23,1364
478,0,0,720,0,1,256,23,1,280,0,0,0,712,265,0.712,525,195,0,0.315,0.03125,1.0,0.976,0.976,1.0,23,1364
479,0,0,726,0,1,250,23,1,274,0,0,0,698,279,0.698,521,205,0,0.319032,0.03138842975206611,1.0,0.976,0.976,1.0,23,1364
480,0,0,728,0,1,248,23,1,272,0,0,0,670,307,0.67,493,235,0,0.324856,0.031873626373626375,1.0,0.976,0.976,1.0,23,1364
481,0,0,731,0,1,245,23,1,269,0,0,0,731,246,0.731,542,189,1,0.31830400000000003,0.031102599179206568,1.0,0.976,0.976,1.0,23,1364
482,0,0,732,0,1,244,23,1,268,0,0,0,709,268,0.709,536,196,1,0.31987200000000005,0.03121311475409836,1.0,0.976,0.976,1.0,23,1364
483,0,0,734,0,1,242,23,1,266,0,0,0,714,263,0.714,542,192,1,0.31998400000000005,0.031138964577656678,1.0,0.976,0.976,1.0,23,1364
484,0,0,735,0,1,241,23,1,265,0,0,0,692,285,0.692,518,217,0,0.324576,0.031542857142857136,1.0,0.976,0.976,1.0,23,1364
485,0,0,736,0,1,240,23,1,264,0,0,0,699,278,0.699,533,203,0,0.322616,0.03130978260869565,1.0,0.976,0.976,1.0,23,1364
486,0,0,736,0,1,240,23,1,264,0,0,0,700,277,0.7,530,206,1,0.32312,0.03135869565217391,1.0,0.976,0.976,1.0,23,1364
487,0,0,737,0,1,239,23,1,263,0,0,0,688,289,0.688,520,217,1,0.32536000000000004,0.03153324287652646,1.0,0.976,0.976,1.0,23,1364
488,0,0,737,1,1,238,23,1,263,1,0,0,682,295,0.682,514,223,1,0.32636799999999994,0.03163093622795115,1.0,0.976,0.976,1.0,23,1365
489,0,0,739,1,1,236,23,1,261,0,0,0,669,308,0.669,504,235,1,0.329168,0.03181596752368065,1.0,0.976,0.976,1.0,23,1365
490,0,0,741,1,0,235,23,0,259,0,0,1,690,287,0.69,527,214,0,0.326424,0.031465587044534414,1.0,0.977,0.977,1.0,23,1365
491,0,0,743,1,0,233,23,0,257,0,0,0,734,243,0.734,565,178,0,0.32116,0.030874831763122477,1.0,0.977,0.977,1.0,23,1365
492,0,0,744,0,1,232,23,1,256,0,0,0,702,275,0.702,532,212,1,0.327264,0.031419354838709675,1.0,0.976,0.976,1.0,23,1365
493,0,0,746,0,1,230,23,1,254,0,0,0,719,258,0.719,559,187,1,0.32384799999999997,0.031008042895442355,1.0,0.976,0.976,1.0,23,1365
494,0,0,749,0,1,227,23,1,251,0,0,0,719,258,0.719,559,190,1,0.325528,0.031044058744993323,1.0,0.976,0.976,1.0,23,1365
495,0,0,750,0,1,226,23,1,250,0,0,0,700,277,0.7,534,216,1,0.33028799999999997,0.031456,1.0,0.976,0.976,1.0,23,1365
496,0,0,753,0,1,223,23,1,247,0,0,0,713,264,0.713,544,209,1,0.330288,0.031330677290836655,1.0,0.976,0.976,1.0,23,1365
497,0,0,755,0,1,221,23,1,245,0,0,0,715,262,0.715,544,211,0,0.331408,0.031353642384105956,1.0,0.976,0.976,1.0,23,1365
498,0,0,759,0,1,217,23,1,241,0,0,0,713,264,0.713,536,223,1,0.33499199999999996,0.03152569169960474,1.0,0.976,0.976,1.0,23,1365
499,0,0,759,0,1,217,23,1,241,0,0,0,704,273,0.704,541,218,1,0.33415200000000006,0.03144664031620554,1.0,0.976,0.976,1.0,23,1365
500,0,0,760,0,1,216,23,1,240,0,0,0,700,277,0.7,548,212,1,0.333536,0.03134736842105263,1.0,0.976,0.976,1.0,23,1365
501,0,0,762,0,1,214,23,1,238,0,0,0,688,289,0.688,535,227,0,0.3368400000000001,0.031574803149606305,1.0,0.976,0.976,1.0,23,1365
502,0,0,764,0,1,212,23,1,236,0,0,0,704,273,0.704,550,214,1,0.33544000000000007,0.03136125654450262,1.0,0.976,0.976,1.0,23,1365
503,0,0,764,1,1,211,23,1,236,1,0,0,699,278,0.699,545,219,1,0.33627999999999997,0.03143979057591623,1.0,0.976,0.976,1.0,23,1366
504,0,0,765,1,1,210,23,1,235,0,0,0,721,256,0.721,564,201,1,0.333648,0.031152941176470588,1.0,0.976,0.976,1.0,23,1366
505,0,0,765,1,1,210,23,1,235,0,0,0,722,255,0.722,560,205,0,0.33432,0.031215686274509803,1.0,0.976,0.976,1.0,23,1366
506,0,0,768,0,2,207,23,2,232,0,0,0,676,301,0.676,525,243,2,0.34188,0.031796875,1.0,0.975,0.975,1.0,23,1366
507,0,0,769,0,2,206,23,2,231,0,0,0,681,296,0.681,540,229,2,0.33992,0.03157347204161248,1.0,0.975,0.975,1.0,23,1366
508,0,0,771,0,2,204,23,2,229,0,0,0,717,260,0.717,563,208,2,0.33717600000000003,0.031237354085603113,1.0,0.975,0.975,1.0,23,1366
509,0,0,772,0,1,204,23,1,228,0,0,1,708,269,0.708,565,207,0,0.3374000000000001,0.031217616580310883,1.0,0.976,0.976,1.0,23,1366
510,0,0,774,0,1,202,23,1,226,0,0,0,720,257,0.72,570,204,0,0.33768000000000004,0.03116279069767442,1.0,0.976,0.976,1.0,23,1366
511,0,0,776,0,1,200,23,1,224,0,0,0,730,247,0.73,581,195,0,0.33695200000000003,0.031015463917525774,1.0,0.976,0.976,1.0,23,1366
512,0,0,776,0,1,200,23,1,224,0,0,0,711,266,0.711,563,213,1,0.339976,0.03129381443298969,1.0,0.976,0.976,1.0,23,1366
513,0,0,777,0,1,199,23,1,223,0,0,0,694,283,0.694,554,223,1,0.342048,0.03144401544401544,1.0,0.976,0.976,1.0,23,1366
514,0,0,779,0,1,197,23,1,221,0,0,0,704,273,0.704,561,218,1,0.3419920000000001,0.03135815147625161,1.0,0.976,0.976,1.0,23,1366
515,0,0,779,0,1,197,23,1,221,0,0,0,702,275,0.702,560,219,1,0.34215999999999996,0.03137355584082156,1.0,0.976,0.976,1.0,23,1366
516,0,0,780,0,1,196,23,1,220,0,0,0,704,273,0.704,566,214,1,0.34171200000000007,0.031292307692307696,1.0,0.976,0.976,1.0,23,1366
517,0,0,781,0,1,195,23,1,219,0,0,0,709,268,0.709,556,225,1,0.343952,0.031457106274007676,1.0,0.976,0.976,1.0,23,1366
518,0,0,782,0,0,195,23,0,218,0,0,1,708,269,0.708,561,221,0,0.3436720000000001,0.03139130434782609,1.0,0.977,0.977,1.0,23,1366
